A,B,C,D,E,F,G,H,I,J,K,L
13,14,14,15,29,-89,85,,1,10,20,0
14,19,14,11,53,9,93,,9,,17,1
14,10,13,103.33,9,9,74,,Current,PA,38,0
59,12,59,13.33,12,9,25,80,30 Days PD,46,28.05,0
59,17,59,,9,9,67,,0,,30,0
14,13,9,12.67,9,9,60,,9,25,25.87,1
59,19,59,11,,9,32,,2,37,30,0
13,12,13,45.33,9,9,51,,Charge-off,,15,0
14,14,14,49.33,72,13,9,,1,64,30,0
13,13,14,14,90,98,87,,Current,7,20,0
13,13,11,89,9,9,9,16,30 Days PD,,20,0
13,10,14,129,28,9,38,,Charge-off,,30,0
14,13,14,12.67,109,11,102,,1,10,30,0
14,12,14,21.67,9,9,42,,Current,,16,0
13,14,13,73,85,9,41,,Current,11,30,0
59,15,49,13,109,9,54,,9,31,14.28,0
59,14,59,19.33,15,9,48,,2,,15.99,0
14,14,14,18.33,109,9,73,,2,10,20,0
14,15,14,23,31,31,9,82,2,10,16,0
14,18,14,18,9,9,101,,30 Days PD,ZI,30,0
14,14,13,54.67,9,9,80,,1,76,30,0
59,19,59,14.33,9,9,9,,1,38,21.21,0
13,14,13,17,9,9,69,,1,8,16,0
14,19,9,17,72,9,65,,1,25,14.31,1
59,19,59,23,,9,49,,2,37,16,0
14,10,14,60.33,58,9,94,,1,27,30,0
59,17,59,123,39,9,17,,1,46,15,0
14,14,14,54,46,9,68,,30 Days PD,,30,0
10,14,14,23.67,9,31,13,14,1,,20,0
59,14,59,23,,9,44,,1,37,17,0
14,14,14,21,9,9,9,,1,,17.91,0
14,13,14,,58,10,19,,0,,38,0
14,13,14,20.67,109,9,13,,30 Days PD,,30,0
59,12,49,37.67,,9,32,,2,,17,0
14,13,14,86.33,47,9,60,,Current,,30,0
14,15,14,35,97,9,17,,1,30,14,0
13,11,13,54,59,9,37,,0,,30,1
14,14,14,15,61,9,74,,1,,20,0
14,16,9,,9,9,101,,1,25,15,1
59,16,59,15,,9,30,,2,31,14,0
14,14,9,69,9,9,54,80,Current,26,14,0
14,14,14,78.67,84,11,49,27,2,,38,0
14,15,14,31.67,9,9,9,,0,,20,0
14,14,14,27,80,-89,21,,90 Days PD,,30,0
14,19,14,15,9,9,55,,1,8,14,0
14,14,14,80,9,9,102,,4,76,30,0
14,10,14,26,9,9,69,,Current,30,20,0
49,15,39,25,9,9,33,,1,,30,0
59,17,59,26.67,108,9,15,,1,41,15,0
49,11,59,46,47,9,53,,2,,16,0
13,12,14,19,9,9,84,,Current,,14,0
14,19,14,23,22,9,70,,2,,20,1
14,10,14,44,101,9,47,,Current,,14,0
59,17,49,13,,78,85,,3,,20,0
13,11,14,44.67,100,9,33,27,Current,,14,0
14,12,14,28.33,108,24,86,,Current,,30,1
14,16,14,34,62,9,55,16,2,70,30,0
14,14,14,62,9,9,76,,5,,14,0
14,15,11,25.67,109,9,42,,Charge-off,,20,0
13,14,14,9,9,9,55,27,3,,30,0
59,12,59,37.67,44,9,50,,60 Days PD,41,30,0
14,14,9,32.67,9,9,86,,2,25,20,0
14,10,14,,64,9,26,,1,,20,1
59,17,59,43,,9,24,,1,,21.5,0
14,16,14,28.67,108,9,73,,30 Days PD,,14.28,0
14,10,14,82,9,9,25,,Current,,16,0
14,19,14,11,9,87,58,,Current,26,38,0
14,13,14,33.67,9,9,18,,Current,,16,0
14,13,13,20.33,9,9,56,,5,8,20,1
59,12,59,79.67,9,9,10,,1,,14,0
14,14,14,,76,9,42,,8,,20,0
59,19,59,20,96,9,99,,1,,38,0
59,15,59,19.33,,9,37,,6,50,16,0
13,13,14,11,91,-89,84,,2,,30,0
14,13,14,62,109,9,80,,Charge-off,26,20,1
14,19,14,24,18,9,94,,30 Days PD,,20,0
14,13,14,20.67,43,9,92,,1,,38,0
14,14,14,28,9,9,58,,0,,20,0
14,12,14,32.33,85,9,86,,Current,8,20,0
14,10,14,94.33,9,9,9,,1,,30,1
59,17,59,63.33,,9,82,,1,41,20,0
13,13,14,18,89,9,61,,1,,17.11,0
59,12,59,36.33,18,9,59,,2,,24.12,0
14,14,14,57.33,9,9,98,,3,,17,0
59,10,59,123.67,108,19,9,,4,,30,0
59,19,59,15.33,37,9,44,,Current,37,38,0
14,19,14,28.67,9,21,58,,0,,30,0
59,17,59,11.33,87,9,88,,2,48,38,0
59,11,59,13.67,,9,69,,2,29,14,0
59,19,59,23,12,26,71,,1,41,30,0
59,14,59,101.67,106,9,104,,1,,17.35,0
59,11,19,14,,9,42,,4,34,17,0
14,14,14,53,93,-89,54,,150 Days PD,,20,0
11,13,14,97,109,9,33,,Current,,20,0
14,12,14,28,13,20,60,,Current,,38,0
59,14,59,38.33,,9,43,,30 Days PD,41,17.52,0
59,15,59,24,9,9,59,,1,41,30,0
59,12,59,48.33,45,9,78,,9,37,14,0
14,18,12,12,101,9,70,,Current,,30,0
59,14,59,26.33,89,9,62,,2,,16,0
14,10,14,173,9,-89,68,,90 Days PD,,30,0
13,16,14,32,80,9,57,,30 Days PD,,20,0
14,15,14,225.67,9,9,24,,1,,20,0
14,16,14,26,14,9,21,,Current,40,30,0
13,18,14,35.33,58,9,88,,0,,38,1
14,10,14,45.67,9,9,65,,Current,7,30,1
29,13,39,21.33,9,9,73,82,2,41,30,0
14,15,14,19.33,57,9,94,,30 Days PD,,17,1
14,19,14,15,9,9,22,29,Current,27,20,0
14,15,14,19,94,-90,25,38,60 Days PD,10,14,1
14,16,14,12.33,9,9,26,,1,8,17,0
59,12,59,55.67,9,9,80,,5,,15.54,0
11,14,14,59,82,9,9,44,1,10,20,0
59,14,59,15.33,95,9,94,,Charge-off,46,16,0
59,19,59,37.67,72,102,42,,2,,30.81,0
59,15,59,30.67,36,9,82,,1,,20,0
14,14,14,67,9,9,13,,0,,15,0
14,10,14,48,45,9,70,,Current,,30,1
14,19,14,44.67,99,9,41,AM,Current,,20,0
59,10,59,66,9,9,54,,2,,20,0
49,15,9,33.33,,9,10,,1,,30,1
13,14,14,34,9,9,92,,Current,,17,0
14,14,14,41.33,9,9,80,,1,,16,0
14,14,14,12,85,9,106,,2,,21.58,1
14,14,14,39,9,9,54,11,30 Days PD,,17,0
14,14,14,96,9,91,16,,1,,30,0
14,14,14,82,35,-89,13,,2,,20,0
14,11,14,24.33,9,9,89,,2,,16,0
59,12,59,102.67,103,9,13,,150 Days PD,,17,1
49,15,59,23.67,10,9,33,,1,37,17,0
59,16,59,16,46,9,10,,1,,15.89,0
13,12,14,44,9,9,21,,60 Days PD,,30,0
14,13,14,54.33,9,9,85,,60 Days PD,,20,1
14,14,14,,9,9,58,,9,,15.96,0
39,10,59,31,72,9,52,82,1,31,15,0
14,19,9,18.33,9,9,10,,1,A7,15,0
13,10,14,,96,9,25,,Current,,20,0
14,14,14,11,9,9,81,,1,,30,1
13,13,14,11,82,9,25,PA,30 Days PD,,20,0
59,19,59,9,,9,27,,1,46,15,0
49,19,59,17.67,29,9,11,,2,46,16,0
14,10,12,166,105,9,93,,0,64,30,1
14,15,9,11,9,9,52,,60 Days PD,26,16,0
59,16,59,36,65,9,94,,0,,30,0
14,15,14,,106,81,15,27,Current,,30,0
13,13,14,59,9,40,93,38,Current,,30,0
13,10,14,155.33,9,9,64,,2,,17,0
59,14,59,17.67,11,9,16,,1,,38,0
14,16,14,43,109,9,75,,30 Days PD,64,16,1
14,19,14,12.67,9,11,17,,Current,44,20,0
59,16,59,55.33,9,9,19,,1,47,38,0
13,14,14,72,72,9,17,27,Current,,16,0
13,12,14,15,9,9,19,,Current,8,15,0
14,13,13,30,9,9,70,,1,,17,1
14,10,14,29,90,9,65,10,1,,20,0
59,16,59,16.67,74,9,67,,1,34,14,0
49,16,59,21.33,,9,35,,8,46,16,0
14,14,14,28.67,91,9,36,,180 Days PD,70,30,0
13,17,14,31,109,9,97,,60 Days PD,,16,1
14,19,14,12,61,9,107,,2,,38,0
14,14,14,38,26,9,79,,Coll. or Charge-off,,38,0
14,13,14,15,27,9,29,,0,,30,0
14,10,14,,109,9,29,,2,64,20,0
59,14,59,30.67,107,9,44,,2,36,20,0
59,10,59,48,33,103,74,,0,,38,0
14,19,14,,109,9,50,,1,,15,0
14,14,14,83,107,-89,30,,30 Days PD,,30,0
14,10,14,48,46,9,71,,Current,,17,1
14,19,14,13.67,108,60,96,MS,120 Days PD,,30,0
59,17,59,70.33,40,9,41,,1,46,20,0
13,15,14,54,9,9,25,27,1,,20,0
14,14,14,13.33,9,9,39,,90 Days PD,,17,0
14,19,14,22,14,9,33,,30 Days PD,,30,0
14,15,14,22,9,32,68,,1,,20,0
59,19,59,11,11,9,103,,0,,30,0
59,12,59,47.67,16,9,13,52,0,,30,0
13,18,14,36,9,30,38,,Current,,30,0
14,19,14,14,9,11,99,,Current,,20,1
13,16,12,13.67,9,9,47,,Current,8,16,0
14,12,11,16,9,9,91,,30 Days PD,70,20,0
59,10,59,43,92,9,101,,2,31,23.4,0
14,12,11,14.67,109,9,55,,1,26,20,0
49,15,59,48,65,9,87,,2,,20,0
14,15,14,33,9,9,36,48,120 Days PD,,30,0
14,13,14,12,10,9,50,,Current,,20,1
13,19,14,14,9,9,9,,Coll. or Charge-off,,20,0
14,13,14,23,9,9,56,,30 Days PD,,38,0
14,13,9,16,9,9,16,26,0,27,20,0
13,19,14,40.67,87,9,77,,120 Days PD,,30,1
59,12,59,54,9,9,17,82,0,47,30,0
59,17,59,46.67,109,9,51,,1,37,20,0
14,11,12,52,47,9,100,,Current,,16,0
59,11,59,15,69,9,49,,0,,30,0
13,18,14,52.33,97,9,83,,3,64,31.95,1
14,11,14,188,84,9,26,,3,64,13.1,1
14,14,14,78,109,9,64,,1,,30,0
49,15,49,13,37,9,14,28,2,29,15,0
29,17,59,15.67,19,9,12,,3,,30,0
14,15,14,43,29,9,106,,Current,10,17,0
11,17,14,19,9,-89,54,,6,,20,0
14,17,13,41,109,58,36,,Current,,30,0
59,12,59,11,92,33,24,,1,34,16,0
59,13,59,72,30,9,85,,6,31,20,0
19,12,59,27.33,9,9,14,,1,37,20,0
59,11,59,43,,16,14,,2,31,20,0
14,14,14,41,9,9,21,,Current,,38,0
13,14,14,47.33,102,9,38,PA,1,,30,0
59,14,39,61.67,,9,24,,1,,30,0
59,12,59,19.33,9,9,103,,1,41,20,0
14,14,14,58,87,9,23,,1,,30,0
59,11,59,35,67,9,9,,1,46,13.57,0
14,13,14,27.33,9,9,75,,Forecl. or Repo,,16.88,1
14,15,14,96,9,82,10,,0,ZI,20,0
13,12,14,40,93,9,42,,1,,30,1
14,14,14,69,96,9,36,27,1,10,30,1
14,14,14,13,9,9,77,,1,,38,1
14,15,14,11.67,9,9,10,,Current,70,20,0
13,14,14,12,67,-90,19,,Coll. or Charge-off,30,15,0
14,14,14,41,98,-89,25,,1,,38,0
13,13,14,28,109,9,58,,Current,26,15,0
14,13,14,36,47,10,45,,Current,,30,0
14,12,14,23,92,9,56,,Coll. or Charge-off,8,20,0
59,17,59,17.67,,9,37,,1,46,15,1
59,19,59,24.33,16,9,24,,2,,20,0
59,14,49,37.67,,9,51,,1,34,30,0
59,13,59,19.33,,9,35,,6,46,20,0
14,19,14,13,9,-90,70,,60 Days PD,,14,0
13,12,14,16,9,-89,36,,Current,,20,0
14,17,14,14.67,9,9,33,,2,26,20,0
59,11,59,35,59,26,9,,1,41,15,0
59,19,59,20,105,9,70,,1,37,30,0
19,12,59,39.67,108,9,41,,2,37,19.59,0
14,10,14,125,9,9,94,,2,A5,38,0
59,13,59,34,9,9,50,,1,41,30,0
14,19,11,12,9,9,108,,Current,8,20,1
14,13,14,66,9,-90,77,,Current,,30,0
13,14,14,71,9,9,11,PA,1,,16,0
14,14,14,12,9,9,74,,2,70,20,0
59,17,59,11,9,9,104,,1,,34.2,0
14,13,14,27,77,9,36,,60 Days PD,,20,1
14,13,14,16,71,9,33,,120 Days PD,,14,1
59,10,59,34.67,39,9,62,,1,46,55.8,0
59,16,29,31.33,,9,87,,2,29,18.79,0
13,15,11,82,59,32,105,7,60 Days PD,,15,0
14,14,14,54,9,16,50,,30 Days PD,,30,0
14,15,14,44,9,9,85,,30 Days PD,,38,1
14,19,14,11,109,9,44,,Current,,20,1
14,19,14,12,101,9,22,,60 Days PD,,14,0
14,11,13,18.67,109,9,19,,Current,,86.12,0
13,14,14,9,9,-89,20,38,30 Days PD,10,20,0
14,14,13,9,9,9,67,,0,26,20,0
14,19,9,23.33,9,9,103,,4,37,17,1
14,10,14,27,9,9,48,,4,,20,0
59,10,59,59,80,9,9,,2,,20,0
13,14,13,,9,9,67,,1,,20,0
14,15,14,16,9,-89,58,,Coll. or Charge-off,64,30,1
14,14,14,54,9,9,31,,3,,30,0
14,15,14,25,48,9,95,,Current,,38,0
14,16,11,22,9,9,9,,Current,26,13.81,0
49,15,19,35.33,11,9,94,,2,41,20,0
59,10,59,486,45,9,53,,0,54,35.06,0
49,18,9,38.33,,9,18,80,0,,17,0
14,15,14,28.33,96,9,47,,Current,26,30,0
14,14,14,48.67,65,9,15,,0,,20,0
49,13,59,15,,9,39,80,Current,31,16,0
14,17,14,13,9,9,60,,30 Days PD,31,38,0
49,19,29,36.33,9,9,30,,2,29,20,0
13,12,14,77,100,-89,29,,30 Days PD,76,20,0
14,19,12,13,68,9,20,,1,,16,0
59,15,59,38.67,49,9,61,,Current,41,20,0
49,14,59,21.33,105,9,67,,Current,41,20,0
14,16,14,42,82,9,9,,1,,20,0
59,14,59,40,47,9,28,82,6,46,20,0
14,14,14,,58,9,51,,1,,38,0
14,16,14,12,109,9,9,,Current,,20,0
14,13,14,12.67,9,9,85,,30 Days PD,26,21.59,0
59,10,59,52.67,106,9,29,,30 Days PD,37,20,0
13,14,13,47,73,-89,61,80,Current,8,30,0
14,14,14,20,78,9,42,,30 Days PD,8,20,1
14,17,14,17,9,98,54,,Current,,30,0
59,10,59,37.33,87,9,11,,30 Days PD,,30,0
14,13,13,28.67,9,48,14,,1,,38,1
59,15,49,94.67,61,9,53,,4,35,20,0
59,15,59,12,9,9,56,,0,,15.06,0
14,12,11,24,9,57,38,,1,25,20,0
13,16,14,133,21,9,101,,Current,64,20,1
49,14,59,17,88,9,10,,2,47,24.86,0
10,10,14,41,9,-89,17,27,Current,,30,0
13,10,13,36.33,9,9,69,,1,,17,1
13,14,14,80.33,98,9,19,74,Current,74,20,0
59,12,59,50.33,55,9,49,,0,,38,0
14,10,14,71,10,9,56,,90 Days PD,,30,0
11,19,14,23,9,9,78,,Current,64,30,1
59,10,59,83.33,91,9,38,,2,,30,0
14,10,14,50,43,9,62,,2,64,38,0
59,14,59,44.33,101,9,24,,1,,20,0
59,19,59,,9,9,75,80,30 Days PD,34,30,0
14,13,14,18.33,78,9,60,,1,,15,0
14,13,14,17,9,9,32,,3,27,30,0
14,15,14,20,59,9,91,,1,A5,30,0
49,12,59,26.33,44,57,40,,1,,24.17,0
59,16,59,15,69,22,67,,Current,46,16.83,0
14,19,14,16,9,9,15,,9,,20,1
14,14,14,39,9,9,9,,1,,15,1
14,15,14,17,46,9,27,,3,30,30,0
49,12,59,18,71,109,57,,1,,20.86,0
14,14,14,,9,9,60,,60 Days PD,,16.77,1
59,13,59,47.33,109,9,15,,1,,14,0
13,14,14,45.33,9,9,18,,Current,8,20,0
14,13,14,43,90,9,70,,1,,30,0
59,16,59,10.67,9,9,23,,0,31,20,0
49,16,59,104.67,101,9,20,,2,,30,0
59,12,49,15.67,13,9,9,,1,46,15.72,0
14,13,14,13.67,9,9,15,,Current,,30,0
14,11,13,21.33,20,9,42,,2,30,30,1
49,12,59,13,109,9,85,,2,37,20,1
49,13,59,34.33,56,9,90,,30 Days PD,,38,0
14,13,14,44,9,9,85,,1,27,30,0
14,14,14,139,9,9,16,,Current,,14,0
59,13,59,35.33,17,9,80,,9,,38,0
14,19,14,15,9,9,38,,Current,,20,0
14,14,14,98,9,-89,37,,1,,16,0
49,14,9,10.33,9,9,45,,3,,15,0
49,10,59,45.67,47,75,40,80,1,37,20,0
14,14,14,13,9,92,20,,30 Days PD,,20,0
49,13,59,16.33,9,9,53,,1,41,30,0
14,15,14,12,9,9,51,,Current,,38,0
14,18,14,107,45,9,44,,0,,17,1
13,15,14,9,9,9,9,,Current,16,17,1
14,10,13,48,63,15,48,,2,26,30,0
14,13,14,43.33,9,72,12,,120 Days PD,,14,0
59,19,59,14.33,54,9,77,,2,,30,0
14,14,14,33.33,10,9,59,,120 Days PD,,30,0
14,16,14,40,82,9,85,,Current,,16,0
59,15,59,33.67,17,9,66,,30 Days PD,46,30,0
59,19,59,32.67,40,9,86,,Current,41,17,0
11,19,14,24,9,9,9,10,Charge-off,44,15,1
59,14,59,109,9,9,72,,9,,29.21,0
49,16,49,22,,9,67,,1,,38.48,0
49,14,59,48,109,9,9,,30 Days PD,37,15.17,0
14,12,13,82,94,-89,15,,30 Days PD,A7,16,0
14,14,14,12,9,9,64,,4,,14,0
49,14,19,74.33,108,9,33,,3,,16,0
14,19,14,15,9,9,66,,30 Days PD,,17,0
59,10,59,26.33,,9,25,,9,31,16,1
14,15,14,20,61,9,39,,Current,26,15,0
14,16,14,32,109,-89,22,,1,26,17,1
59,15,59,63.33,13,9,10,,30 Days PD,,20,0
14,16,11,12,98,9,10,,Current,,20,0
59,16,59,14.67,95,9,9,,6,37,15.66,0
13,15,14,12,9,-89,33,,1,26,14,0
14,10,14,,60,9,77,,Current,,38,0
14,15,14,41,69,9,13,,1,8,14,0
59,16,59,45.33,97,9,84,,1,46,20,0
14,14,9,58,9,-90,70,,2,26,14,1
14,11,14,70,9,9,41,,60 Days PD,,30,0
59,14,59,29.33,9,9,45,,2,34,16,0
59,15,19,13.33,90,9,51,,1,46,17.44,0
59,15,59,52.67,,9,18,,7,37,20,0
14,10,14,90,95,9,50,,Current,,30,0
14,14,14,55,9,-89,73,,0,26,30,1
59,13,59,18.33,71,9,45,80,60 Days PD,37,16.82,0
13,15,14,41.33,9,9,71,,1,,20,1
14,16,14,49,109,9,57,,Current,,13.84,0
14,12,14,,41,-89,21,,Current,,20,0
49,19,59,19,21,71,18,,1,,16,0
13,12,14,40,63,9,12,,120 Days PD,,20,0
59,16,59,64,109,9,67,,1,,30,0
14,12,14,26.67,,9,10,,2,37,30,0
13,16,13,12.67,9,9,47,,2,,20,0
14,14,14,62,109,9,99,,Current,8,20,1
59,10,59,14.67,9,9,58,,1,31,20,0
14,12,14,32,9,14,70,,30 Days PD,,38,1
13,19,14,12,57,69,68,,Current,,20,1
59,11,59,272,103,9,68,,2,46,14.78,0
14,13,14,47,21,9,19,,3,,30,0
14,14,14,18.33,109,9,14,,60 Days PD,,20,0
14,15,13,13,9,9,26,,2,76,14,0
14,14,14,84,109,9,58,10,1,27,30.48,1
59,17,59,64,109,102,9,,1,,20,0
13,15,14,63,90,79,44,,0,,20,0
14,14,13,33,109,-90,86,PA,30 Days PD,,16,0
14,13,14,90,71,85,40,CZ,30 Days PD,,38,0
59,17,9,31.67,9,9,11,,1,46,31.98,0
59,14,59,13.33,81,71,61,,1,37,20,0
59,15,59,32.67,,9,9,,1,34,20,0
14,19,14,27.67,71,66,62,,0,,30,0
59,19,49,21,9,9,9,,5,46,28.94,0
14,19,14,28,105,-89,61,,2,8,20,0
59,15,59,81.67,75,9,66,,0,46,30,0
14,14,14,35,9,9,22,,30 Days PD,,30,0
13,14,14,17,76,-89,77,,1,,30,0
11,13,14,22,9,70,66,80,0,,30,0
13,13,14,14.67,9,9,67,,4,,20,0
14,14,14,32.67,98,9,62,,30 Days PD,,30,0
49,15,59,25.67,,9,65,,5,,16,0
10,10,14,,44,9,45,10,Current,,15,0
14,15,13,13,11,90,10,,0,14,30,0
14,15,9,14,9,9,85,,1,25,14,0
14,15,14,28,9,9,87,,0,,16,1
14,12,14,25,38,-89,90,,2,,38,0
13,14,14,34,9,108,17,,1,,30,1
14,16,14,18.33,71,9,89,,Current,64,20,0
59,15,59,,34,9,9,,5,34,30,0
14,14,14,45,77,100,72,38,Current,,30,0
59,14,59,75.33,41,9,50,,2,,20,0
59,14,59,25,76,9,33,,0,48,30,0
13,13,14,50,103,57,9,,1,,38,1
59,10,59,48.67,80,99,35,,2,48,14,0
14,13,14,70,9,-89,23,,1,,20,0
59,15,49,11.83,,9,9,,1,34,22.64,0
14,14,14,223,9,61,15,,2,,38,0
59,17,49,30,,9,13,,1,37,15.67,0
29,15,39,29.67,101,9,11,,0,36,30,0
14,19,14,13,9,9,14,,1,10,15,0
59,10,59,249.67,63,9,71,,1,,17,0
29,13,59,30.33,,9,70,,2,41,16.67,0
14,14,14,72.33,9,9,29,,Current,,16.73,0
59,15,29,19.67,,9,64,,1,37,20,0
59,17,59,22.33,,9,10,,1,41,20,0
59,15,59,25.67,9,9,35,,1,34,20,0
14,13,9,11,85,9,81,,90 Days PD,10,16,0
14,15,13,17,9,9,9,,Current,25,38,0
59,19,59,24.33,103,9,54,,2,,20.13,0
14,17,14,46.33,102,9,16,,1,A6,20,0
14,12,14,16.33,9,9,95,,Current,,30,0
59,10,59,32,20,9,71,,2,,38,0
59,13,59,34.67,71,9,68,,1,41,30.2,0
49,17,59,21.33,53,9,30,,1,41,20,0
13,18,14,63,9,9,57,,Current,,14.49,0
11,13,14,15,78,9,42,27,7,,15,0
14,14,14,77,13,9,77,,30 Days PD,,20,0
14,19,14,12,17,96,77,,2,10,38,0
59,17,49,44,,81,54,,1,46,20,0
59,16,19,173.67,77,9,55,,Collection,46,16,0
14,13,14,24,109,9,95,,0,64,15,0
14,12,14,16,99,-89,39,,1,,17,0
59,18,39,38.33,48,9,71,,1,46,30,0
59,16,49,14.67,81,9,20,,1,31,14.06,0
59,10,59,82.67,39,9,94,,1,,38,0
13,14,14,43,9,9,95,,Current,,30,0
14,12,14,61,9,-89,26,,2,,30,0
14,16,14,12,9,9,82,,2,,30,0
59,17,59,41.33,9,103,45,,3,,30,0
14,15,14,16,76,9,70,,Current,,17,1
59,16,59,57.33,9,9,43,,60 Days PD,37,33.9,0
59,14,59,105,,9,17,,2,46,20,0
14,14,14,45,91,-89,45,,Current,,30,0
13,15,14,69,14,-89,31,MI,1,,20,0
14,14,14,,108,9,47,82,1,,38,0
49,16,59,31,,9,70,,1,41,20,0
14,14,14,82,9,9,70,,30 Days PD,,16,1
59,13,59,106,9,9,35,,4,,38,0
59,10,59,78.33,99,9,90,,30 Days PD,,20,0
59,15,59,43,,9,29,,1,41,15,0
14,13,14,33,9,9,89,,2,26,16,1
14,19,14,12,9,9,44,,2,,30,0
14,13,12,16,20,9,60,,2,,30,1
13,10,14,66,9,9,20,,1,,,0
59,14,59,32.67,,9,35,,1,41,30,0
14,14,14,49,109,9,64,,120 Days PD,,20,1
14,14,14,19.67,75,9,29,,Current,,16,1
14,19,14,13,109,-89,9,,Current,82,16,0
13,16,14,23,9,9,77,,3,,20,0
11,12,14,21,75,9,95,,1,,17,0
59,14,59,28,80,9,22,,30 Days PD,43,17.98,0
14,14,14,23,40,105,106,,Current,,30,1
14,19,12,34,9,-89,48,29,1,26,30,0
59,11,59,25.67,65,9,9,,6,,16.02,0
14,10,14,14,9,-89,84,,30 Days PD,,38,0
59,14,59,32.33,91,9,84,,1,46,20,0
14,13,14,,9,9,36,,120 Days PD,,21.88,0
14,13,12,14,101,-89,71,,30 Days PD,,38,0
59,19,39,12,109,9,72,80,2,41,18.97,0
14,14,14,12,9,9,63,,1,,20,0
14,14,13,58,9,-89,106,,30 Days PD,27,38,1
13,16,14,10.33,9,9,37,,1,30,30,1
59,14,59,26.67,,9,65,,Current,37,17.99,1
59,14,59,38,67,9,25,80,2,,20.21,0
13,10,14,49.33,9,9,70,,30 Days PD,,17.05,0
14,14,14,11,9,9,25,27,30 Days PD,,20,1
14,14,14,116,30,9,103,,0,,20,1
13,14,14,62,107,9,9,,Current,,14,0
14,16,14,95,9,-89,80,,1,10,38,0
49,16,39,47.67,,9,18,,Current,,14,1
14,15,14,35,9,9,17,,60 Days PD,,20,0
13,10,14,12,9,104,103,,Current,8,30,0
59,19,49,63.67,,9,18,,1,45,30,0
59,16,59,34.33,,9,70,,1,,16,0
14,17,11,26.67,9,9,53,,1,26,14,0
49,19,59,15,,9,31,,5,31,16,0
14,14,14,16.33,9,28,61,,Current,,14,0
59,17,59,22.67,9,9,17,,Current,47,17,0
59,19,59,14,83,9,51,,1,,15.59,0
13,17,14,29.33,9,9,95,PA,2,27,30,0
49,14,59,38.33,16,9,40,,2,38,30,0
14,14,14,22,9,9,71,,3,,20,0
59,19,19,29.67,,9,69,,4,29,14,0
14,12,14,111,9,69,74,,2,64,30,0
14,19,12,13,9,100,59,,1,,30,0
14,13,14,29,9,-89,57,29,30 Days PD,8,30,0
14,14,14,14.33,9,9,74,76,5,,20,0
14,16,14,29.33,9,18,77,,9,64,38,0
49,19,19,14,,9,76,,1,29,38,0
29,17,39,12,108,9,64,,1,34,15.41,0
13,15,14,37,9,-89,52,80,Current,,30,1
14,11,13,51,9,9,66,,60 Days PD,,20,0
14,15,14,13,35,9,41,,1,,15,0
13,10,14,60,109,9,54,7,Current,,16,0
14,13,14,30,86,107,39,,1,49,38,0
14,13,9,35,9,32,20,,Current,8,20,0
49,16,59,49,16,9,59,,1,46,38,0
14,14,12,31,9,9,41,,2,25,20,1
13,11,14,17.33,9,9,77,,30 Days PD,26,15,0
14,10,14,275,78,11,13,,0,8,20,0
14,15,14,22.67,109,40,44,,1,,20,1
14,13,14,70,90,9,102,,2,64,38,0
14,14,13,70,9,9,69,80,9,30,17,1
14,12,14,41.33,66,38,31,,30 Days PD,,15,0
14,16,14,71,80,-90,81,80,1,,20,0
14,19,14,14.33,59,9,15,,30 Days PD,8,30,1
14,14,13,24,9,-90,46,,4,76,16,0
59,13,59,32.33,,9,77,,1,,30,0
13,19,14,46,9,-89,47,16,4,,38,0
14,14,14,11,64,-89,37,,60 Days PD,,17,0
13,15,14,21,109,9,81,82,Charge-off,,30,0
13,10,14,48,68,9,14,82,Current,,17,0
49,18,59,32,72,9,56,,1,46,20,0
49,14,59,28,68,104,18,,2,37,30.07,0
14,16,14,19,105,9,54,PA,30 Days PD,,17,0
13,13,14,35.67,9,9,46,38,30 Days PD,,30,0
14,10,14,216.67,77,9,100,,Current,,30,0
14,14,14,44,109,9,61,,30 Days PD,,14.69,1
59,13,59,14.67,98,9,60,,1,46,30,0
49,10,59,47.67,9,9,11,,1,,38,0
11,13,14,24,59,9,10,,Current,,20,1
11,15,12,16.67,28,9,85,,30 Days PD,A0,37.01,0
14,12,14,21,109,-89,81,,1,,30,0
14,15,14,26.33,96,106,48,,0,7,30,0
14,15,14,80.33,109,9,51,,2,,39.16,0
14,10,14,51,9,9,60,,0,26,38,1
59,14,59,36.67,,9,16,,3,37,30,0
14,15,14,44.67,19,25,17,,Coll. or Charge-off,,30,0
14,12,14,16,109,9,98,,Current,,15.04,1
13,13,10,33,9,9,9,,Current,8,20,0
14,10,14,96,45,9,26,,Current,,30,1
59,10,59,81.67,107,9,89,,2,,20,0
14,13,14,14.33,9,9,57,,1,,30,0
49,14,59,13.67,9,9,88,,2,37,17,0
14,19,14,16,9,9,66,,Current,,30,1
14,16,14,21,9,9,47,,60 Days PD,64,15,1
13,15,13,77.33,9,109,71,,30 Days PD,,30,0
14,19,13,18,9,9,82,,Current,37,20,1
14,19,14,14,9,9,75,,90 Days PD,8,30,0
14,16,14,17,33,25,13,,1,,15,1
14,14,12,27,9,54,46,,0,25,30,0
11,14,14,30.33,27,9,38,76,1,,30,0
14,19,14,24,9,9,62,,Current,64,20,0
14,17,13,,9,9,94,,30 Days PD,,15,0
14,14,14,18.67,109,9,32,,Current,,15,0
14,14,14,36,62,11,65,,30 Days PD,,38,0
14,19,14,12,9,9,12,,9,A5,15,0
14,13,14,15,89,-89,85,10,1,,20,0
59,17,59,9,,9,65,,1,46,30,0
14,14,14,18.67,94,9,87,,Current,10,30,0
14,13,14,34,9,9,83,,9,8,30,0
14,14,9,17,9,9,74,90,30 Days PD,25,14,0
59,17,59,72.33,9,9,27,,5,37,20,0
14,11,14,20,9,9,66,38,2,,15,0
14,14,12,36.67,60,9,12,,Current,,15,0
59,19,59,28.33,64,9,62,80,1,,30,0
14,16,14,42.67,9,9,66,,Charge-off,,17.47,0
11,11,9,12.33,9,9,24,80,120 Days PD,A7,15,0
14,10,14,38,105,100,73,,30 Days PD,,30,0
14,11,14,65,109,9,16,,2,,16,0
13,14,14,21,9,9,9,,Current,,30,0
14,14,14,44,18,9,50,,Current,,20,0
13,14,9,19.33,106,9,68,MS,1,26,17,1
14,13,14,41,9,9,70,,30 Days PD,,36.22,1
59,14,59,21.33,107,9,36,,1,41,16,0
14,14,9,32,9,9,63,,1,,30,0
13,10,14,42,29,22,53,,1,,30,0
14,12,11,48.33,9,9,9,,1,26,16,0
59,11,59,15,,9,38,,2,34,15,0
13,15,14,,9,9,9,,60 Days PD,,20,0
,17,,22.67,,,,,,,30,0
14,14,13,9,9,73,37,80,0,26,30,0
14,12,14,20,34,27,20,,1,,20,0
59,12,59,17.67,,9,67,,6,34,20,0
14,14,14,15,21,9,98,,60 Days PD,A5,38,0
14,19,14,22.67,107,9,24,,1,,19.06,0
14,19,14,15.33,37,9,93,,2,,30,0
13,12,14,15.67,97,9,82,AM,1,74,20,0
14,11,9,35,9,9,33,,Coll. or Charge-off,26,20,0
14,14,14,18,15,9,18,,2,,20,0
59,14,59,13.67,109,9,93,,Current,34,29.57,0
13,12,14,39,9,-89,28,,1,8,16,0
49,14,19,28.33,9,9,23,,5,31,16,0
14,14,14,15,97,-89,74,,Current,44,20,1
14,15,14,46,25,86,49,,2,,28.89,0
13,11,14,25,101,9,86,,1,82,20,1
59,15,59,28.33,9,9,91,,1,41,30,0
59,19,59,30.67,9,9,32,,5,37,15.19,0
59,12,59,24.67,39,12,71,,1,48,30,0
14,17,14,39,36,61,103,,30 Days PD,,20,0
49,10,59,38,103,9,12,,1,,14,0
13,13,14,35,109,96,42,,1,,20,0
59,15,59,16.67,,9,92,,2,46,17,0
59,11,59,15.33,75,13,51,,1,46,16.71,0
59,12,59,9,9,9,25,,0,,30,0
59,14,59,32,40,17,57,,1,,30,0
14,13,13,45.67,85,9,43,,Current,,14,0
13,11,14,45,66,108,54,,Current,,17,0
14,11,14,112.67,97,9,67,,Charge-off,,20,0
14,12,14,91,9,9,62,,0,,30,0
59,19,59,18,44,9,79,,120 Days PD,,29.54,0
14,19,12,16,9,9,44,,30 Days PD,,20,0
14,15,14,54,9,-89,17,,Current,64,20,0
13,15,14,63,9,9,85,,Current,,16,1
13,10,14,56.67,9,11,13,,Current,76,20,0
14,10,14,81.33,9,9,18,,Current,,20,1
59,12,59,21.33,57,9,59,,1,46,20,0
14,13,14,,105,9,82,,Current,64,14.66,0
13,17,11,39,25,9,45,,30 Days PD,,30,1
14,19,14,14,97,9,101,,Current,,15,0
14,19,14,12,65,9,9,,Current,PA,30,0
14,15,13,17,72,9,82,,0,,20,0
59,19,59,19.33,109,9,54,,1,39,13.79,0
14,13,14,18.67,9,9,12,,0,,16,0
13,19,14,15,60,9,26,7,60 Days PD,,15,0
59,10,59,69,85,97,46,80,2,,20,0
59,17,39,27.33,,9,28,,1,37,17,0
14,13,14,22,45,-89,46,,0,,38,0
59,13,59,13.33,9,9,12,,1,46,24.98,0
13,15,14,26,9,9,55,,Current,,16,0
14,13,14,35,64,28,70,,60 Days PD,,20,0
14,15,14,11.67,9,9,40,,0,8,30,1
14,11,14,10.33,9,9,39,,60 Days PD,,20,0
14,12,14,23,66,9,9,,1,,30,0
59,16,59,34.33,103,82,73,,0,49,22.93,0
13,19,14,11,39,56,14,,0,,30,0
14,16,12,13,9,12,58,,1,26,20,1
14,11,14,11,9,9,57,,Current,82,20,0
14,10,14,55,9,9,90,,0,49,17,0
14,14,14,12,92,-89,24,,0,64,16,0
14,11,14,11,107,9,48,,0,A7,30,0
59,19,59,11.67,9,9,14,,60 Days PD,,38,0
29,16,59,45,75,9,78,80,2,,38,0
19,18,59,50.67,31,9,39,,1,37,15.99,0
14,12,14,43,62,-89,70,,1,,15,1
59,14,59,17,98,57,42,,Current,37,20,0
14,13,14,73,101,9,101,,Current,,32.23,0
14,10,14,51,103,99,75,,2,,30,1
13,16,14,24,55,-89,23,,Current,,20,1
59,13,59,35,13,9,9,,2,46,14.13,0
14,14,14,84,9,9,87,38,0,,30,1
13,13,11,36,9,-90,50,,Current,25,17,0
14,19,14,36,91,96,105,,30 Days PD,,30,1
59,16,59,39.67,9,9,83,44,2,37,16,0
14,13,14,,97,9,70,,30 Days PD,,30,0
14,13,14,39,68,9,47,,30 Days PD,,30,0
14,13,14,23,108,9,20,,0,ZI,30,0
59,15,59,30.67,9,10,77,,1,37,15,0
14,15,14,,109,9,12,,Current,64,15.62,0
14,17,14,39.67,85,9,45,,1,,30,0
14,19,14,16,9,64,31,,1,44,30,0
14,19,14,14,52,65,101,,30 Days PD,,30,0
13,19,11,13,42,9,9,,9,64,30,1
14,14,14,18,9,9,67,,2,,30,0
59,17,59,48.67,11,9,31,80,2,,20,0
49,15,59,31.33,9,98,61,80,6,36,20,0
59,19,59,13,,9,45,,1,41,17,0
14,11,13,26.67,34,9,63,,30 Days PD,,30,0
14,15,14,17,106,-89,96,31,1,,15,0
14,19,14,22,109,9,37,,30 Days PD,,30,0
14,11,14,,86,9,9,,90 Days PD,27,30,0
14,12,14,13,9,-90,26,,Coll. or Charge-off,64,20,0
59,17,59,40,20,9,40,,1,,16,0
14,13,14,56,9,9,80,,Current,,30,0
14,19,9,39,9,9,72,80,5,,30,0
14,14,14,40,9,9,78,,60 Days PD,,38,1
59,19,59,14.67,9,15,83,,1,,28.07,0
13,14,14,95.67,9,9,73,26,2,8,16,0
13,14,14,12,9,17,63,,Charge-off,70,20,0
59,14,49,17.33,46,9,48,,9,,16,0
59,14,59,17.33,9,9,9,,3,41,20,0
59,14,59,48.67,9,9,20,,9,,19.59,0
14,19,13,16,9,9,28,,1,26,30,0
11,16,14,62,61,9,71,38,Current,,17,0
14,16,14,14,103,9,90,,Current,,30,1
59,14,59,40.33,27,9,20,,9,41,30,0
59,19,19,16,9,9,101,,Current,46,30,0
11,14,14,14.33,9,9,74,,1,,20,0
13,14,14,71,9,-89,25,,30 Days PD,,30,1
14,15,12,51,56,9,62,,1,26,17,0
59,16,59,33.67,59,9,76,,2,,19.44,0
13,17,14,39,80,15,77,,Current,,38,0
14,12,14,15,52,9,71,,0,,30,0
14,14,14,32,105,9,85,82,Current,10,30,1
13,15,14,37,9,9,17,,60 Days PD,,17,0
14,13,13,12,9,68,15,,30 Days PD,,30,0
13,14,14,52,31,106,97,,Current,,30,0
59,14,29,62,103,9,27,80,Current,31,20,0
14,12,14,10.33,9,9,94,,Coll. or Charge-off,,20,1
59,19,49,17.33,,9,61,,1,29,20,0
14,13,14,38.67,91,9,93,PA,2,,20,0
14,19,14,13,95,9,46,,Current,8,15,0
13,10,14,42,9,9,30,82,30 Days PD,,30,0
14,16,14,19,9,9,69,,Current,,30,0
14,11,14,65.33,9,9,76,,Current,10,16.82,1
14,17,14,149,9,9,91,,Current,,30,1
14,11,14,25,88,60,41,37,4,,20,0
49,15,59,20.33,,9,82,80,1,46,13.64,0
14,19,9,9,74,9,45,,Current,26,30,0
14,15,14,22,9,-89,40,,30 Days PD,,14,1
59,13,59,17.67,109,9,20,,1,,59.91,0
59,15,39,31.67,,9,85,,1,37,20,0
59,14,59,50,49,9,104,,1,,17,0
49,12,59,31.33,,9,25,,Charge-off,47,15,0
13,15,14,64.67,9,9,70,,Current,,30,0
13,14,14,74,50,-89,83,,0,,30,0
14,19,14,20,95,-89,70,,60 Days PD,,20,1
59,16,59,,76,9,9,,1,,20,0
14,16,14,25,9,9,66,,1,64,16,0
14,17,14,34,64,9,15,,Current,,38,0
14,19,12,11,9,-90,76,27,30 Days PD,64,30,0
14,14,14,27.33,9,9,45,,30 Days PD,26,30,0
59,11,59,82,42,9,41,,1,46,34.93,0
59,13,59,24.67,109,9,47,,1,,26.57,0
14,14,14,34,9,9,23,,60 Days PD,,30,0
59,13,59,46,,9,20,,2,37,16,1
14,11,14,31.67,108,82,15,,0,,30,0
14,15,12,17,9,9,14,82,60 Days PD,64,30,0
14,14,11,58.33,102,9,34,,1,25,20,0
14,19,14,12,9,-90,12,,Current,,30,0
13,15,14,79,9,-89,26,,Current,,38,0
14,19,14,21,105,9,75,,1,64,16.38,0
59,13,59,43.33,18,9,67,,2,46,15.48,0
59,19,59,14.67,9,9,24,,2,41,23.4,0
14,14,12,36,103,-89,11,82,30 Days PD,,16,0
14,14,14,49,98,-89,9,,Current,,20,0
59,13,59,13,,9,91,,1,41,15,0
59,15,29,23.67,,9,38,,1,24,15,0
13,16,14,29,9,9,75,,60 Days PD,,16,0
59,14,59,16.33,,9,20,,9,37,15,0
14,14,14,29,109,-89,54,CZ,Current,,38,0
59,19,59,15.67,58,9,55,,1,37,20,0
14,15,14,36,9,9,85,,30 Days PD,,30,0
13,16,14,10,9,51,10,,Current,8,17,0
59,14,49,19.67,102,9,57,82,1,37,33.38,0
14,13,14,11,80,55,100,82,1,30,16,0
14,19,14,13.67,31,9,100,,2,,30,0
14,10,14,68,107,-89,100,,Current,,38,0
14,19,11,18.67,9,9,52,,1,27,30,0
59,19,59,14,109,9,9,,4,46,18.73,0
49,10,59,84,9,9,9,,1,,14,0
59,19,59,23.67,19,9,9,,Current,46,17,1
13,19,14,9,29,48,101,,Current,,30,0
14,13,9,17,9,81,62,,Current,26,20,0
14,14,14,46,9,-89,61,,30 Days PD,,30,0
59,15,59,11.33,86,9,86,,Current,46,19.24,0
14,10,14,91,9,9,15,,0,,30,1
14,10,14,113.67,9,9,53,,30 Days PD,,30,0
14,12,14,25,9,9,25,,1,,30,0
14,19,14,14,9,9,57,,Current,,20,0
14,14,14,26,94,9,31,,2,,20,1
14,15,12,18.67,54,9,51,,Current,,16,0
59,14,59,74.33,33,9,38,80,1,,30,0
14,13,14,12,9,-90,56,,Current,70,17,0
59,14,59,48.67,109,9,28,,4,34,17.44,0
14,14,14,96,9,9,59,,30 Days PD,,30,0
14,12,14,17,9,9,15,,Coll. or Charge-off,,20,0
14,12,14,20.67,9,51,79,,30 Days PD,79,15,0
59,17,59,23,,9,37,,1,34,17.41,0
14,14,14,63.67,37,70,50,,120 Days PD,,20,0
59,15,59,11.33,9,9,10,,3,,20,0
14,14,14,32,9,9,76,,60 Days PD,,16,0
14,14,14,31,91,9,28,,Current,,30,0
14,19,14,19,70,9,54,,Current,,38,0
59,16,59,13.33,107,9,95,,1,34,20.01,0
14,19,14,11,27,-89,25,,30 Days PD,,30,0
14,15,14,15.33,65,9,56,,30 Days PD,A5,20,0
13,10,12,65,109,9,60,,30 Days PD,14,15,1
49,10,59,13.33,89,9,10,,2,37,17,1
59,10,59,174,40,9,53,,2,,20,0
59,13,59,17,26,9,101,,1,,41.12,0
49,16,39,27.33,,9,48,,1,,20,0
14,19,14,50.67,9,9,16,,30 Days PD,10,14.3,1
14,10,14,,9,9,22,,Coll. or Charge-off,30,17,0
14,12,12,12,9,9,99,,30 Days PD,25,30,1
49,13,29,70,23,9,102,,9,41,16.69,0
14,19,14,16.67,9,9,53,27,2,,20,1
14,16,14,31.33,11,9,10,,1,,20,1
59,14,59,56.67,84,9,11,,Current,,25.86,0
14,10,14,58,17,9,57,,1,,30,1
59,19,59,19,9,9,59,,3,,30,0
14,14,13,15,,9,79,,1,,16,0
59,14,59,75,100,9,55,,1,,30,0
14,17,13,23.33,9,9,9,,Current,,30,0
59,14,59,61.67,,9,102,,Current,,14.05,0
14,14,14,39.33,9,9,32,,Current,64,20,0
14,15,14,,87,100,13,,0,8,38,1
59,19,59,18.33,28,12,55,,1,37,19.49,0
14,13,14,37,9,9,86,,0,,20,1
14,14,14,,10,9,12,,Current,,30,0
14,19,14,11,66,9,10,,60 Days PD,,20,1
14,19,9,18,9,9,55,,2,25,16,0
14,17,14,41,106,-90,35,,60 Days PD,,14,0
14,11,9,73.33,106,9,31,,2,8,14,0
13,14,14,14,9,9,58,,60 Days PD,,27.17,1
14,11,14,,105,9,99,,9,,21.82,0
14,15,14,38,99,-89,44,,Current,,17,1
14,13,14,12,50,9,42,,1,,18.52,0
59,14,59,82.33,94,9,34,,1,46,30,0
59,13,59,50.33,,9,56,,2,37,15.24,0
14,19,11,12,,9,36,,30 Days PD,8,15,0
14,13,14,23.33,9,9,58,,Current,,20,0
59,15,59,17,,9,16,,1,46,15,0
14,12,14,17,9,9,33,,30 Days PD,10,20,0
14,16,14,,9,9,74,,30 Days PD,,17,0
14,14,14,32.33,9,9,25,,2,,15,0
59,19,59,12.33,9,9,22,,30 Days PD,37,18.73,0
14,10,10,83.67,9,9,51,,2,25,20,1
59,10,59,68,103,9,90,,1,,30,0
14,17,13,13,9,9,92,,1,,17,0
14,19,14,20,9,9,43,,9,8,15,0
13,14,12,74,82,70,87,,2,,20,1
14,10,14,59,9,9,13,,30 Days PD,,30,1
14,12,14,24,102,9,58,,Current,10,20,0
14,19,14,22,9,9,14,,30 Days PD,,38,0
14,14,14,12,85,9,96,,30 Days PD,43,30,0
14,13,14,17.33,106,9,43,,1,,20,1
14,17,14,11.33,9,9,34,,0,,20,0
59,14,59,33.33,9,9,57,,2,54,30,0
59,13,39,32.67,9,9,27,,Current,34,32.05,0
14,19,14,16,9,9,85,,90 Days PD,70,30,0
59,12,59,33.67,,9,39,,30 Days PD,46,15,0
13,17,13,39,9,9,88,7,2,,30,0
59,14,59,35,,9,66,,120 Days PD,46,20,0
13,14,14,40,87,10,82,80,1,10,16,0
14,15,11,9,79,9,13,,30 Days PD,64,30,1
14,14,14,72,99,68,91,,Current,10,16,0
13,14,14,45.33,94,9,42,,9,,16,1
59,16,59,18,104,9,66,,1,46,22.36,1
14,16,14,50.33,82,9,40,,30 Days PD,,14,0
59,10,59,112.33,12,9,9,,1,,20,0
11,10,12,37.67,39,9,31,10,Current,,15,0
14,14,14,49,46,9,36,,0,,20,0
59,10,59,45.67,27,9,60,,5,,30,0
14,12,14,45.33,51,9,76,,1,,20,0
59,14,59,40.67,26,9,35,,1,,16.28,0
13,15,14,16,65,21,71,,Current,,20,1
14,15,14,19.67,82,9,58,,0,,30,0
14,15,12,16.33,105,49,95,,2,,17.35,0
59,17,59,64.67,29,9,26,,1,46,14.79,0
14,14,14,16,9,-90,20,,0,,20,0
14,14,14,17,89,9,65,,30 Days PD,,20,1
29,19,9,15,,9,69,52,2,46,20,0
59,16,59,23.33,100,9,94,,1,37,20,0
13,14,14,52.67,9,9,47,,1,,30,0
13,14,11,29,9,9,40,,Current,,20,0
14,15,14,18,9,-89,35,,Current,,30,1
59,14,59,26.67,,9,58,,1,34,30,1
29,14,59,75,,9,9,RS,2,31,20,0
14,14,14,63.67,84,9,9,,2,,38,1
49,14,9,17.33,36,9,83,,1,,16,0
14,11,14,,107,9,91,,1,ZI,20,0
14,19,12,14,72,9,56,,6,,30,0
59,10,59,65.33,41,9,34,,2,,30,0
14,19,14,,9,9,67,,Current,8,15,1
14,10,14,,9,9,65,,Current,,30,0
59,12,19,24,54,48,12,,1,29,15,0
14,12,14,54,9,9,32,,1,,15,0
14,15,14,102,9,9,77,,9,82,30,0
13,11,9,32,9,9,77,,2,14,20,0
13,11,14,,17,9,9,16,9,A5,30,0
14,12,14,,17,109,79,,Current,,30,1
14,13,9,40.67,9,9,91,,60 Days PD,14,15.28,1
59,14,59,35.33,9,9,57,28,30 Days PD,,17,0
59,16,59,43.33,9,9,29,,1,49,20.3,0
13,10,14,106,76,9,80,82,Current,,38,0
14,10,14,,13,9,37,,1,,38,0
14,19,14,,9,60,21,,2,,16,0
14,12,13,70,9,9,73,,30 Days PD,A0,30,0
14,19,14,14,41,9,95,27,1,44,20,1
14,14,14,21,93,9,86,,Current,,30,1
14,14,14,29,9,9,47,,Current,,16,1
14,14,12,10,109,-90,37,,30 Days PD,,16,0
14,11,13,28,9,9,35,,Current,70,30,0
13,10,13,186,9,9,41,,90 Days PD,49,30,1
14,15,14,36.67,83,9,9,,30 Days PD,76,20,0
59,14,59,44.33,9,9,40,,0,,30,0
14,14,11,39,9,9,95,,Current,64,20,0
14,13,14,34.67,95,9,34,,120 Days PD,,20,0
14,12,14,20.33,57,9,63,,5,,30,0
59,15,59,27.33,9,9,64,,1,31,30,0
59,12,59,16.33,65,36,32,,Current,41,15,0
39,10,59,62,52,9,18,64,Current,46,30,0
11,13,14,31,12,9,51,,Current,,17,0
14,12,14,18,9,9,19,,0,8,17,0
59,14,59,39.67,85,9,80,,9,,25.57,0
13,15,14,14.33,96,9,9,,Current,64,16,0
14,10,14,162,107,9,39,,0,,38,1
14,13,13,32.33,78,9,67,,1,14,20,0
59,15,59,36,46,9,45,,0,,20,0
13,14,14,78,98,9,76,,1,,20,0
14,12,14,31,9,9,81,,5,,20,0
59,16,19,26,37,9,78,,1,29,17.01,0
14,12,14,11,109,-89,88,82,60 Days PD,8,20,0
14,15,11,74.33,62,9,69,,30 Days PD,76,30,0
13,10,14,40,9,9,9,,Current,,14,0
14,14,14,50.67,15,9,9,,0,49,30,0
59,19,59,20.67,81,9,30,,2,,36.1,0
14,11,14,41,9,9,60,,Current,,20,0
59,14,59,68,20,9,51,,2,37,15,0
14,12,14,17,9,79,73,,0,,38,0
14,14,14,33.67,92,9,20,10,120 Days PD,26,20,0
59,16,49,58.67,,9,64,,2,41,38,0
14,13,14,12,10,9,15,,120 Days PD,,20,0
14,15,13,12,53,9,38,,Current,,30,0
59,12,59,44.67,106,9,57,,2,41,20,0
14,19,14,26.33,46,9,55,,Current,,30,1
49,15,59,30.67,22,9,41,,1,48,,0
59,19,59,15.33,,9,96,,6,34,20,0
13,15,14,74.67,26,9,49,,2,,38,1
14,14,11,94,16,9,54,,1,,30,0
14,13,14,57,89,9,33,,Current,,16,0
13,19,12,17,108,-89,9,,1,26,14,0
14,12,14,73,101,9,84,,Current,10,15,0
59,15,59,41,,9,101,,1,,17,0
14,19,14,14.33,82,9,81,80,3,,14.16,0
14,16,14,10,9,-90,76,,30 Days PD,,14,1
14,19,14,12.33,109,9,50,,2,,30,0
59,13,59,19,109,9,23,,1,37,19.27,0
49,14,59,50,77,9,91,80,Current,46,42.88,0
13,19,14,14,76,9,96,,Current,,30,0
59,15,59,38,39,9,49,CZ,0,,30,0
14,10,14,111,94,9,63,,2,,17,0
59,12,59,12.67,9,9,43,,30 Days PD,48,30,0
13,10,14,35.33,99,9,32,,Current,,17,0
14,14,11,12,58,9,41,,30 Days PD,,30,0
14,10,14,55,107,97,61,,Current,,38,1
13,16,14,42.67,99,9,9,,1,,20,0
14,17,14,,9,9,102,,Current,,20,0
59,15,59,13,95,9,58,,6,46,13.42,0
14,14,14,59,9,9,46,,1,76,14,1
14,14,9,36,96,-89,54,,30 Days PD,37,30,0
14,13,14,36.67,22,9,19,,0,,30,0
59,16,59,39,90,9,85,,1,41,20,0
49,10,59,291.67,51,9,34,,1,,20,0
14,19,14,12,24,9,61,,2,,38,0
14,14,14,55,9,9,10,,Current,,14,0
59,15,19,17.33,9,9,52,,1,29,15,0
59,16,29,11.33,,9,42,,1,37,17,0
59,15,59,31.67,,9,87,,Current,,16,0
11,12,14,13,92,9,97,,30 Days PD,,17,1
14,16,14,49.33,108,9,43,,60 Days PD,A5,20,1
14,15,14,83,9,9,72,,30 Days PD,,21.67,0
14,16,14,21,61,9,58,,1,,20,0
59,19,59,21.33,63,9,54,,1,,30,0
14,13,14,89,80,94,60,,30 Days PD,ZI,30,1
49,17,29,80,109,9,47,80,1,,17,0
13,10,14,37,9,9,82,,1,,16,1
10,14,14,44,9,-89,32,PO,0,,30,0
14,16,9,26,87,9,67,,30 Days PD,A7,20,1
13,18,11,59,52,9,33,,2,70,17,0
14,17,12,46,109,9,94,,Collection,,17,0
49,16,59,34,82,52,11,,0,,20,0
19,19,59,37,9,9,75,,1,,20,0
14,12,9,47,9,-89,28,,1,10,20,0
59,17,59,33.33,9,9,59,,1,37,17.36,0
14,19,14,9,52,9,13,,0,,30,0
14,14,14,193,94,9,44,,Coll. or Charge-off,,30,0
14,19,14,17,109,64,47,,30 Days PD,,30,0
14,14,14,37.33,9,9,36,,Current,,15,0
14,13,14,55.33,90,26,44,,0,,20,0
13,12,11,27,9,9,27,,Current,,16,0
14,12,14,28,101,13,61,,Current,,15,0
14,12,14,18,51,9,86,,60 Days PD,,30,0
14,14,14,9,13,9,74,,Current,,20,0
14,15,14,11,9,-89,51,,2,,30,0
14,12,14,95,67,9,73,,30 Days PD,,17,0
14,13,14,32,9,-89,75,27,1,64,30,1
59,19,9,19.33,,9,78,,1,46,20,0
14,15,12,15,9,9,73,,1,A7,30,0
14,19,11,14.33,107,9,56,,Current,64,16,0
14,15,14,,103,9,84,,Current,,20,0
14,10,14,188,34,9,52,,1,,38,1
59,15,49,61,109,9,21,,2,40,20,0
11,14,14,44,9,9,62,74,1,,20,0
14,14,14,13,56,9,21,27,Current,,16,1
59,12,59,50.33,9,9,86,,0,48,17,0
14,14,14,39,71,9,9,,5,,20,1
59,11,59,120.33,78,9,29,,1,,30,0
14,13,14,44,9,9,37,,30 Days PD,,14,1
14,15,14,11,9,9,61,,60 Days PD,,20,1
59,10,59,41,99,9,9,,1,,20,0
49,14,59,12.67,,9,101,,2,46,20,0
59,15,59,17.67,35,9,18,,2,46,15,0
14,12,14,23,39,48,59,,1,14,15,0
14,13,14,56.33,95,9,102,,1,44,20,1
14,15,14,16.33,47,9,81,,Current,,42.95,0
49,13,19,31.67,86,9,109,,2,34,16,0
14,14,14,11,9,9,11,,2,8,19.86,0
14,13,14,18.33,67,9,35,7,1,,20,0
14,12,14,25.67,41,9,72,,120 Days PD,,20,1
14,14,14,92,29,9,23,,Current,,30,1
14,19,14,16.33,9,9,78,,2,10,20,0
14,11,14,41,81,9,92,,Current,26,20,0
59,13,59,16.33,109,9,53,,0,,20,0
59,15,59,27,9,9,41,,1,,18.64,0
13,14,14,43,9,9,79,16,30 Days PD,,20,0
14,10,14,52,88,9,45,27,2,,15,0
13,15,9,15,9,9,72,,30 Days PD,10,20,0
10,11,14,36,108,9,99,3,9,,38,0
14,14,14,138.33,15,9,61,,1,,20,0
14,14,14,54,67,85,59,,Current,,17,0
59,13,59,18.33,55,9,90,,2,46,38,0
19,17,19,30,,9,68,,9,37,16,1
11,12,13,13,61,9,77,,1,27,20,0
59,19,59,11.67,99,9,77,,30 Days PD,,17,0
59,12,59,64,11,9,79,,1,,30,0
59,19,59,21.67,44,47,17,,1,37,30,0
14,12,14,49,38,25,41,,Current,,30,1
14,19,14,12,9,9,70,,1,70,20,1
14,16,14,12,9,9,94,,Current,,30,1
14,19,14,20.67,9,9,54,,2,64,20.39,0
14,19,14,17.33,101,9,60,,1,,15,0
59,12,59,12.67,,9,45,,2,34,15,1
14,15,13,34,9,55,32,,1,,20,0
14,14,14,72.33,19,9,61,10,Charge-off,,15,0
59,10,59,49.67,106,9,23,,30 Days PD,,30,0
49,10,59,53.33,59,9,84,14,0,,16,0
13,12,14,14,55,9,25,,2,,30,0
13,15,11,82.33,9,9,15,SR,1,25,20,0
59,17,59,39,,9,52,,2,46,14,0
59,14,59,35.67,109,9,23,,Current,34,17.24,0
49,18,59,35.33,9,9,45,,1,46,20.51,0
13,13,14,22.67,108,9,80,,Current,,30,1
59,15,59,39,36,9,70,,2,35,16,0
59,19,59,32.67,100,9,35,,2,44,15,0
13,13,14,27,9,9,82,,90 Days PD,8,15.76,1
59,14,59,36.33,9,9,9,,1,34,30,0
59,10,59,68,66,9,70,,1,,30,0
13,15,14,21,9,9,29,38,1,,17,1
14,13,11,41,97,56,65,27,1,25,20,0
14,15,14,,9,9,18,,Charge-off,,27.77,0
14,19,11,11,9,9,9,,Charge-off,25,38,0
59,19,59,39.67,78,9,88,,1,,20,0
13,12,14,23,9,15,34,,2,,14,0
14,19,14,16.33,9,9,9,,Current,,17,0
59,12,39,66.33,73,9,34,,1,46,16.61,0
14,13,14,36,91,9,14,,0,,20,0
11,13,14,51.25,94,14,9,,1,,30,0
14,11,14,129,108,86,37,,5,,30,0
,13,,22,90,9,72,,30 Days PD,,25.04,0
14,12,12,18,9,-90,9,,60 Days PD,8,20,1
14,19,13,18.33,9,9,78,,Current,,30,0
14,17,14,107,96,9,101,,Current,,20,0
59,19,59,18.67,9,9,30,,0,,38,0
59,17,59,39,102,38,91,,1,,26.73,0
14,15,9,61,9,-90,9,80,Forecl. or Repo,10,20,0
29,14,39,16.33,,9,35,,6,,38,0
14,10,14,86.67,14,9,80,38,30 Days PD,,38,0
14,14,14,66,9,9,94,,60 Days PD,,15,1
14,15,12,40,107,9,85,,0,,20,1
14,19,14,14,9,9,56,,5,,20,0
14,15,14,81.67,109,9,51,,2,,38,0
13,19,14,,9,9,56,,30 Days PD,76,38,0
14,14,14,19.67,9,9,103,,Charge-off,,24.83,0
59,15,59,37,,9,11,,1,41,16,0
14,12,14,,98,9,65,,0,,38,0
,14,,19.67,,,,,,,20,0
14,14,14,25.33,9,9,35,,30 Days PD,82,20,0
14,15,14,19.67,94,9,82,27,1,,38,1
59,17,59,26.33,46,9,92,,1,41,22.46,0
9,19,14,15,9,9,9,,Current,,30,0
14,14,14,43,75,-89,24,,1,8,30,0
29,10,59,31,83,9,22,,2,,15,0
13,16,14,11.67,9,9,41,,Current,27,30,0
59,12,59,13.67,9,9,40,,4,,15,0
59,16,59,39.67,40,9,48,,5,46,22.39,0
14,16,14,12,9,9,78,,1,27,30,1
14,15,14,47,9,-90,38,,Coll. or Charge-off,,20,1
59,10,59,54.33,49,9,23,,1,,20,0
14,14,14,55,9,-89,83,,Current,,20,0
59,12,59,24.67,100,9,9,,0,,30,0
14,14,14,35,9,33,41,,Current,30,30,0
59,19,39,14.33,83,9,68,,1,46,38,0
59,15,59,102.33,94,9,25,,1,,20,0
14,12,14,45,71,9,79,,1,,30,0
49,15,59,16.67,53,9,59,,2,,38,0
59,14,29,79.67,,9,55,,2,,20,0
59,11,59,40.33,,9,57,,1,41,20,0
59,16,49,38.67,,9,65,,2,,16,1
13,12,14,37.67,9,9,63,,1,,30,0
14,11,14,34.67,11,9,36,,30 Days PD,,30,0
14,12,11,118.67,39,9,45,,Current,A7,38,0
59,14,59,71.67,9,70,43,,1,,30,0
14,16,14,30,75,-90,59,,0,,20,0
14,14,14,38.33,9,9,41,,2,10,30,0
14,12,14,14.33,34,9,19,,1,,38,0
11,12,14,26.67,109,9,69,64,Current,,30,1
14,14,14,101.33,9,9,25,,Current,,20,0
14,14,14,51.33,9,9,10,,9,10,30,0
59,18,59,64.33,80,9,10,,1,,30,0
14,13,14,15,42,9,61,,1,,30,0
14,13,14,18,9,9,40,,2,26,17,0
59,19,59,18,,9,33,,9,37,20,0
11,13,14,39,9,9,28,28,1,,17,0
14,12,14,47,83,-89,44,,Current,,30,0
29,19,59,14.67,9,9,53,,1,34,14.93,0
13,16,14,15,99,9,48,,Forecl. or Repo,,30,0
59,17,59,11.67,9,9,86,,8,37,16.37,0
14,14,14,47.33,109,9,28,,2,,20,0
14,16,9,15,9,9,60,38,2,64,16,0
14,14,14,33,90,-89,15,,Current,,38,0
59,15,59,15,109,9,9,,Current,40,14.78,0
14,12,14,83.67,106,9,52,,0,,15,0
14,14,14,57,9,9,67,,Current,,30,0
59,14,59,76.33,9,9,16,,30 Days PD,,16,0
14,14,14,14,89,9,30,,5,,20,0
14,14,14,50,73,9,49,,1,8,17,0
14,16,12,24,83,9,49,,2,,14,0
14,15,9,14,9,9,71,,3,70,30,0
14,14,14,37,9,-89,102,,2,ZI,30,0
14,15,13,12,9,64,36,,Current,,15,0
59,11,39,35,30,9,12,,1,,30,0
13,14,14,50,51,9,90,82,30 Days PD,,16,0
49,15,49,47.33,,9,68,,1,,23.89,0
14,14,14,59,9,9,43,PA,60 Days PD,,23.62,0
11,14,14,38,9,-90,30,,0,,20,0
14,13,14,39,109,9,38,10,Charge-off,A5,14,0
14,14,14,12,9,9,58,,30 Days PD,64,20,1
14,19,14,12,71,9,19,,1,26,20,0
59,17,59,47.67,93,60,86,,30 Days PD,,38,0
14,18,14,28,99,9,64,,Current,,20,0
14,10,12,18,9,9,9,,1,7,17,0
14,12,14,35.67,9,9,87,,Charge-off,,30,1
59,13,59,44,62,57,45,,1,41,20,0
14,14,9,60,9,9,45,,2,11,20,0
14,19,11,11,9,9,42,,60 Days PD,,30,0
14,16,11,132,9,81,26,,Current,,20,0
14,12,14,,60,71,83,,Current,,15,1
13,14,9,35.33,65,9,24,CZ,2,11,17,0
14,10,14,,9,9,47,,Current,,30,0
59,12,59,14.33,,9,9,,Insufficient History,47,14,0
14,10,14,61,78,9,18,,0,,20,0
49,16,59,16.33,,9,62,,1,41,14,1
14,13,9,14,96,-89,35,,Current,19,15,0
49,13,19,24.67,59,9,29,,5,29,15.88,0
14,10,14,33,73,-90,57,,2,26,30,0
59,19,59,37.67,76,9,36,,Current,46,30,0
14,15,12,18,9,9,24,52,30 Days PD,,30,0
14,19,14,39,50,9,53,,60 Days PD,,23.53,0
59,19,39,13.67,82,9,81,,2,46,20,0
14,14,14,16.33,9,9,74,,2,,16,0
14,12,14,14,9,-89,99,,Current,,14,0
14,16,14,9,87,9,44,,30 Days PD,,30,0
14,15,14,160,9,90,22,,60 Days PD,,38,0
14,15,14,16,17,9,54,10,30 Days PD,A5,17,0
59,15,59,76.33,80,9,46,,30 Days PD,41,30,0
12,15,14,42,9,103,91,MI,1,,30,0
14,19,12,11,9,9,99,,2,11,30,1
14,14,14,21.67,109,9,35,,9,,30,0
13,10,14,119,9,9,48,,Coll. or Charge-off,,30,1
14,16,14,22,9,9,22,,30 Days PD,,30,0
14,15,12,14.67,105,9,13,,0,76,30,1
14,15,9,37,9,9,81,,2,A7,14,1
14,10,14,,24,9,79,,30 Days PD,,30,0
49,19,59,14,32,9,9,,1,46,15.14,0
13,19,14,20.33,81,84,67,,9,27,16.77,1
13,11,14,99,84,9,37,28,3,,16,0
59,13,59,36,107,9,9,,2,41,20,0
14,19,13,52.33,53,9,43,,1,,15,1
14,14,14,75,42,9,100,,Current,7,17,1
14,13,14,40,9,9,84,,Current,,38,0
59,16,59,172.33,,9,55,,7,34,15,0
14,19,12,13,9,9,58,,0,26,30,0
14,14,11,41,10,12,17,80,1,27,38,0
14,13,14,21,99,76,31,,0,70,20,1
59,19,59,21.67,109,9,34,,9,46,15,0
49,19,49,11.33,9,9,9,,1,34,16.74,0
14,14,13,13,9,9,9,,30 Days PD,70,30,0
49,19,39,19.33,46,9,19,,1,37,20,0
59,15,59,16.33,107,9,80,,2,,20,0
13,12,14,65.67,65,9,39,16,1,,17,0
14,10,14,,9,9,60,,1,64,20,1
14,13,14,96,9,9,34,,30 Days PD,,30,0
14,11,13,15,18,9,9,,9,,30,0
14,10,14,85,9,9,76,,1,14,30,0
49,13,49,29,9,9,79,,1,46,20,0
59,10,59,38,,9,16,,Current,,30,0
14,19,14,35,54,9,65,,Current,,17,0
13,14,11,23,9,9,61,80,Current,8,30,0
13,14,14,104,106,9,95,,30 Days PD,,20,0
14,12,14,15,71,-89,30,,Current,64,17,0
14,15,14,26.33,106,9,90,,Current,,30,0
14,14,12,15,40,-89,51,,1,,38,0
59,12,59,36.33,9,9,30,,2,,30,0
14,19,14,14,102,9,68,,1,,21.66,0
13,17,14,36.67,9,9,43,27,Current,,38,0
14,15,14,16,9,9,13,,1,74,30,0
14,14,14,41,52,9,30,,1,,17,0
14,15,14,53,82,9,60,,Current,,17,0
59,19,59,16,96,9,91,,2,46,14.05,0
14,10,14,,22,9,41,,Charge-off,,30,0
14,12,14,12,85,9,42,,9,,30,1
14,16,14,88,9,77,82,,Coll. or Charge-off,,38,0
14,14,14,303.67,9,9,27,,1,,30,0
14,14,14,43,9,-89,10,,30 Days PD,,38,0
14,14,14,33,11,-90,74,,Coll. or Charge-off,70,17,0
59,10,59,87,96,9,16,,2,41,20,0
13,12,9,32.67,9,9,36,,1,25,17,0
13,14,14,34,9,9,97,,1,,30,0
14,14,14,39,9,9,19,,60 Days PD,,14.99,0
13,14,14,23,109,-89,12,,0,,17,0
59,17,59,72.33,24,80,67,,1,,38,0
14,16,14,9,62,9,86,,30 Days PD,,20,0
14,13,14,14,9,9,9,,Current,,20,0
14,11,14,12,13,9,12,,4,26,17,0
13,13,14,16,94,9,27,,30 Days PD,,20,0
59,19,59,13.33,59,9,99,,1,,14.27,0
13,17,14,16.67,65,9,95,PA,Current,,38,0
49,14,59,18,34,9,22,64,1,37,19.67,0
13,14,13,12,9,9,57,,1,,30,0
59,19,59,12.67,109,9,26,,30 Days PD,31,13.51,0
14,10,14,47,52,39,27,,Current,,16,0
49,14,39,15.33,,9,56,90,1,,20,0
14,14,14,69,77,9,9,,2,,33.47,0
14,13,13,16.67,9,9,60,,Current,A0,30,0
59,19,49,14,18,9,67,,2,37,17,0
59,13,59,38.67,9,9,57,,1,,38,0
14,14,14,26,9,9,25,,30 Days PD,8,16,0
14,13,14,,80,52,53,80,2,,15,0
13,19,14,16.67,9,109,42,,Current,26,15,0
14,16,14,14.33,109,87,54,MI,1,,20,1
11,12,13,49.33,79,107,68,27,3,,38,0
59,11,59,19.33,9,9,70,,1,46,30,0
14,10,14,,9,46,105,,60 Days PD,,30,0
59,14,49,56.67,62,17,79,,3,41,25.67,0
14,13,14,52.33,9,9,86,80,1,,38,1
14,14,14,56,9,9,82,51,30 Days PD,,16.88,0
14,14,14,42,9,9,26,,1,27,38,1
59,14,59,44.33,9,9,72,,6,46,14,0
14,13,14,30,22,9,11,,2,,16,0
13,15,14,26.67,9,9,34,,Current,,30,0
14,16,14,27.33,9,9,47,,7,,15,1
29,17,59,54.33,,9,28,SR,2,31,20,0
13,13,14,57,9,-90,9,10,1,,15,0
14,11,14,41.67,70,9,94,12,0,69,30,1
10,10,14,54,22,-89,35,82,30 Days PD,,20,1
13,14,14,22,72,9,23,,0,,20,0
13,19,14,29.67,9,9,17,16,Current,,30,0
14,12,14,13,9,9,99,,1,,15,0
14,19,13,17,101,109,60,,60 Days PD,,30,0
14,19,14,14,78,9,39,CZ,30 Days PD,CZ,20.71,0
49,16,59,24,,9,77,,3,37,19.29,0
13,13,14,15,76,9,43,,Current,,16,0
59,14,59,21.67,,9,95,,1,31,17,0
13,19,14,22,9,85,29,44,Current,44,20,1
29,12,59,38.33,109,9,81,,Current,,30,0
13,12,14,21,9,-89,9,,9,64,20,0
14,15,14,61,82,-89,51,,30 Days PD,,38.27,0
13,10,14,37,9,9,9,,1,26,30,0
14,15,14,28,81,9,58,,Current,,17,0
59,14,59,15,,9,24,,30 Days PD,41,13.45,0
59,16,59,79.33,108,9,29,,3,46,24.87,0
13,16,14,20.33,75,9,14,,Current,,20,1
14,11,14,122,36,9,51,10,2,,30,0
13,10,14,,108,9,36,49,1,,30,0
59,14,59,30,15,9,69,,1,,38,0
59,16,39,44,,9,13,80,1,,17,0
14,19,14,12,77,9,31,,120 Days PD,,16,0
14,13,14,38,70,10,29,,Current,,30,0
49,19,59,17.33,106,9,53,,2,41,30,0
59,15,59,33.67,55,9,44,,8,,17.78,0
14,15,14,69,9,9,39,,1,,30,0
49,13,59,35.67,9,9,28,,1,,15.69,0
14,15,14,56,71,108,80,,Current,,30,1
59,19,49,10.33,109,76,32,,4,37,32.83,0
59,13,59,11,9,9,58,,1,31,30,0
14,12,9,13,9,9,76,,30 Days PD,7,20,0
13,14,14,70,9,9,9,,Current,,30,0
59,17,59,62,62,9,31,,1,41,15,0
49,19,29,12.67,,9,9,,1,41,16,0
29,15,59,54,24,9,19,80,9,48,14,0
14,14,14,35.67,83,9,90,,Current,,33.56,0
14,12,14,21,42,9,63,,Coll. or Charge-off,,30,0
59,19,59,12.33,9,9,100,,1,,38,0
49,16,59,28.67,106,9,82,,9,37,36.58,0
14,12,14,42,54,13,75,,Current,27,30,0
14,10,14,,16,10,67,,30 Days PD,,38,0
14,19,13,11,9,9,41,,Current,26,42.78,0
14,10,14,39,9,9,62,,Current,,38,0
14,19,14,13.67,9,9,99,11,Current,8,20,0
59,12,59,19.33,,9,104,,Current,46,14,0
59,19,59,15.67,59,9,69,,1,,17,0
14,11,14,33,9,60,36,,Current,,20,0
49,10,59,32,104,9,84,SR,2,,20,0
59,16,59,19.33,9,40,37,,2,46,16.1,0
14,10,14,208,54,9,18,,30 Days PD,,30,0
14,10,14,69.67,9,9,11,,30 Days PD,,30,0
59,14,59,12.33,9,9,13,,3,46,17,0
59,18,59,35.67,,9,47,,4,34,16,0
19,15,59,12.33,109,9,57,,60 Days PD,34,14.17,0
59,15,49,15.33,9,9,57,,2,37,26.9,0
59,14,59,88,45,9,14,82,1,,30,0
49,16,19,97.67,77,9,9,,Current,46,16.52,0
13,14,14,39,9,-89,65,74,Current,,30,0
14,12,14,34,9,9,56,,Current,,30,0
49,14,39,55.33,81,9,50,VA,5,46,14,0
14,16,14,50.33,61,9,40,29,0,27,20,0
14,16,14,11,28,9,25,,Coll. or Charge-off,,38,0
14,19,14,22,48,-89,40,,2,14,20,1
14,14,14,33,102,9,9,10,Current,,20,0
14,10,14,50,95,13,39,,Current,,38,0
14,16,9,13,9,9,67,,1,A7,17,1
14,15,14,44.67,60,9,9,76,Current,8,16,1
14,12,14,81,9,-90,81,,1,27,30,0
14,15,14,15,107,9,20,,9,,30,0
59,13,59,59.67,,9,13,,9,,20,0
14,10,14,56,82,9,56,,Current,,20,1
14,15,14,51,56,9,63,,30 Days PD,,30,0
14,13,14,17,82,105,64,,30 Days PD,,20,0
14,13,14,44.33,9,9,36,,2,ZI,30,0
14,16,14,,9,9,14,,30 Days PD,,30,0
59,19,59,13.67,66,9,31,,0,47,38,0
14,12,14,88,89,9,79,,Current,,20,0
14,12,14,14.33,45,19,82,,1,,20,0
59,12,59,12,109,20,74,,2,46,15,0
14,16,14,17,98,9,88,,2,,30,0
14,12,14,174,95,9,67,,30 Days PD,16,30,0
13,14,14,49,9,9,22,37,30 Days PD,A7,38,0
14,12,14,,32,9,64,,Coll. or Charge-off,A5,30,0
59,16,49,29.67,,9,9,,Current,46,16,0
14,10,14,88,70,9,43,27,30 Days PD,,30,1
59,12,59,16,104,9,37,,2,,30,0
13,12,12,19,108,9,30,3,0,,30,0
14,11,14,28.67,9,9,43,,30 Days PD,,17,0
59,13,59,26,9,9,99,,2,41,18.04,0
11,14,14,59.33,46,9,101,10,1,,30,0
59,16,59,17.67,72,9,23,85,1,41,17,0
14,19,14,14,108,66,51,,Forecl. or Repo,,20,0
13,19,13,30.67,86,9,53,,1,44,16,0
14,14,14,25,109,-89,41,,30 Days PD,,30,0
14,19,14,28,27,9,56,,Current,,38,0
59,18,59,46.67,108,9,66,,1,36,29.81,0
14,11,14,45,93,95,49,,Current,,30,0
14,19,14,14,9,9,48,,1,,30,1
14,14,14,41,40,9,12,CL,1,,30,0
59,13,59,44,,9,39,,2,,14,0
59,17,49,34,,9,26,,9,37,14,0
14,11,14,86,9,9,52,,1,,30,1
13,16,14,13.67,9,9,41,RS,Current,,20,0
14,13,14,12,47,-89,18,,60 Days PD,64,17,0
14,14,14,39.67,76,9,63,,60 Days PD,,20,0
14,19,14,,19,9,23,,30 Days PD,,17,0
11,14,12,31,46,24,42,,4,A7,30,1
14,14,14,13,9,-89,22,,Current,10,16,0
59,14,59,33,,9,21,,Current,,20,0
59,15,59,14.67,69,9,41,,1,46,30,0
13,14,14,63.33,91,10,17,,1,,38,0
14,12,13,,9,9,23,,9,,20,0
49,17,59,48.67,,9,50,,2,37,17,0
14,19,13,17,9,9,72,,3,,14,0
14,15,14,38,45,-89,43,,Current,,30,0
14,10,14,102,88,9,27,,Coll. or Charge-off,,30,0
14,14,14,14.33,38,9,70,,Current,,20,0
59,12,59,28,22,9,19,,2,37,19.24,0
59,16,59,17.67,101,9,45,,2,47,15.04,0
59,11,59,35.33,9,9,26,,2,46,15,0
14,14,14,17.33,9,9,38,,0,,30,0
39,15,59,19.67,88,9,45,82,1,46,20,0
49,17,29,25.67,,9,11,,1,31,14,0
14,14,14,24,9,-90,11,,Current,,15,0
59,10,59,38,109,9,98,82,2,,20,0
13,14,14,30.33,9,9,36,,0,,38,0
59,19,59,14.33,,94,53,,0,48,16,0
14,17,14,93,9,61,56,,30 Days PD,,27.49,0
13,14,13,70.5,65,9,102,,Current,,30,1
59,14,59,45.67,96,9,73,,2,46,15.44,0
14,14,14,45,9,9,13,,1,A5,30,0
59,15,59,47,80,9,34,,30 Days PD,,38,0
13,13,14,24,42,9,67,,30 Days PD,,20,0
59,10,59,40,86,9,9,,1,,20,0
14,17,14,11,9,-90,101,,60 Days PD,,17,0
59,15,59,14.67,,9,39,,1,31,14.27,0
14,12,14,40,11,73,83,82,Current,,30,0
14,13,14,37,9,-90,102,,1,27,20,0
14,19,14,13,10,9,11,,1,,17.54,0
14,19,14,54,73,16,59,,Current,PA,30,0
59,13,59,37.33,107,9,43,,2,46,18.31,0
13,11,14,43,9,9,97,,0,,17,1
14,19,14,17,9,9,61,,2,,20,0
14,16,14,12,37,9,39,,9,64,20,1
59,13,59,68.67,88,9,69,,2,,18.44,0
14,17,14,26,90,-89,95,,30 Days PD,64,20,0
14,12,11,24.67,9,9,89,,Current,8,30,0
14,14,14,34,9,9,91,,9,,30,0
14,12,14,49,9,9,19,,Charge-off,27,38,0
59,13,59,49,41,9,68,,2,47,30,0
12,10,14,,9,9,23,,Current,,20,0
14,14,14,11,51,22,48,,Current,,30,0
49,14,59,29,,9,9,,1,48,14,0
14,10,14,63.33,9,9,47,,30 Days PD,,38,0
49,14,19,33,,9,55,,2,,16,0
14,14,14,34.67,73,9,9,,1,A0,38,0
14,14,14,24.33,38,9,53,,1,,38,0
59,19,59,13.67,75,9,9,,6,48,20,0
14,14,14,13.67,9,9,9,,Charge-off,26,14,0
14,19,14,24,81,54,13,,Current,,15,1
14,15,14,19,9,-89,40,,Current,64,15,1
13,13,14,33,93,9,65,74,Current,,30,0
14,11,14,67.33,9,9,29,,2,,17,0
59,19,59,12,9,56,86,,1,,38,0
59,14,59,39,75,9,52,,2,41,18.7,0
14,14,14,35.33,73,9,91,,1,30,17,1
14,16,14,11,9,9,13,,1,,30,1
14,10,14,93.33,105,41,21,,Current,,15,0
59,15,59,10.67,98,9,9,,9,37,19.1,0
13,13,14,21,9,9,85,,Current,26,17,0
13,19,14,12.67,26,9,11,,1,,15,0
59,16,59,23,,9,93,,1,,14,0
59,14,59,64.33,66,9,47,,2,46,18.47,0
14,15,14,14,53,9,99,,Coll. or Charge-off,8,30,0
49,16,59,27.33,,9,12,,1,,14,0
59,15,59,41.33,,9,57,,1,36,30,0
59,14,59,52.33,9,9,9,,9,,20,0
14,16,11,33.33,9,9,85,72,Current,76,30,1
59,14,59,25.33,56,10,36,,2,,30,0
14,19,12,17,9,9,61,,1,10,30,1
49,14,59,40.33,34,9,77,80,1,46,16,0
14,14,14,35,9,9,66,,2,,30,0
49,16,59,35.33,92,9,19,80,1,46,17,0
59,13,59,43.33,,9,76,,1,31,14,0
14,14,14,100,104,9,55,,1,64,30,0
10,10,14,,31,9,43,3,1,,30,0
14,10,14,51,12,9,89,,1,7,30,0
14,13,14,29,20,9,9,,1,27,20,0
14,14,14,102,106,9,27,,1,,20,0
14,10,14,80,9,46,105,,60 Days PD,,30,0
14,15,14,75.33,9,105,72,,Current,,20,1
13,10,14,69,106,9,61,,1,,30,0
59,16,59,22.67,,9,60,,2,37,14,0
14,19,14,11.33,30,9,70,,30 Days PD,,30,0
14,19,13,,9,9,13,,Current,,38,0
14,19,14,15,9,9,100,,Current,70,28.57,0
14,16,14,14,44,9,9,,Current,,20,0
14,19,14,61.67,63,9,62,,Current,26,20,0
13,14,13,12.33,34,9,13,27,4,,17,0
14,14,14,63,52,9,49,37,1,,20,0
59,19,59,13.33,9,9,57,,Current,37,30,0
59,16,29,43.33,,9,31,,1,,15,0
59,13,59,39,9,9,49,,1,34,24.53,0
14,15,13,44,9,9,85,,Current,,15,0
14,19,13,20,98,9,87,,1,8,30,1
59,14,59,17.33,,9,11,,7,46,15,0
59,14,59,14.33,,9,64,,2,,16,0
13,10,14,46,9,-89,26,,30 Days PD,69,20,0
59,19,59,152.33,27,9,23,,Current,,17,0
59,14,59,35,99,9,47,,2,,23.47,0
14,10,14,40,101,9,83,,Current,,20,0
14,15,14,39.67,28,9,23,10,Charge-off,,20,0
14,16,9,13.33,9,9,55,82,2,27,16,0
14,16,12,13.67,108,9,30,,Current,26,30,0
14,10,14,,104,9,11,,1,,16,1
11,14,9,46.75,9,9,18,,2,10,14.6,0
14,13,14,,99,9,16,,1,,30,0
13,14,14,27,79,9,34,,Current,,30,0
14,12,14,,94,9,56,,30 Days PD,,30,0
14,12,14,27.33,67,9,76,,9,,20,1
59,17,49,21.67,9,9,20,,1,,14.2,1
12,14,14,12,9,9,41,,1,,20.76,0
14,12,14,20,104,32,56,,2,,20,0
14,10,14,21,9,9,11,,1,,17,0
13,18,14,24,109,9,56,,5,,20,0
14,10,14,,24,9,84,,30 Days PD,,30,0
14,12,14,38.33,9,9,11,,30 Days PD,10,30,0
13,14,14,9,9,9,27,,Chapter 13,,38,0
14,16,9,35,9,-90,47,,60 Days PD,8,20,1
14,12,14,25.33,72,9,9,,1,,20,0
14,12,14,41,67,9,81,,Current,,14,0
59,15,49,16,82,9,65,80,7,31,20,0
11,17,14,14,9,96,94,80,0,,30,0
14,10,14,40,9,9,9,80,Current,,20,0
59,12,59,15.67,77,9,66,,1,46,16,0
13,14,14,,9,9,41,80,150 Days PD,,17,0
14,16,14,35,67,-89,53,7,60 Days PD,26,30,0
14,13,11,15,61,-89,84,,1,26,16,0
14,19,14,12,9,9,34,,60 Days PD,,17,0
14,19,14,16.67,55,9,66,,2,,22.62,0
14,17,9,35.33,9,9,72,10,2,26,30,1
14,10,14,45,98,9,29,,30 Days PD,,30,0
14,10,14,36.33,66,94,41,,1,,30,0
14,14,14,37,82,9,56,,1,27,20,1
13,14,13,,10,9,11,,Current,,30,0
13,14,14,38.33,9,9,85,,30 Days PD,,30,0
11,14,13,48,9,9,17,25,1,26,16,0
14,19,14,16,9,69,99,,1,,17,0
14,10,14,112.33,9,9,21,,0,29,14,0
14,19,13,14,56,9,100,,90 Days PD,,30,0
59,12,59,17.33,9,9,33,,Current,,65.34,0
14,12,14,29.33,53,21,13,,2,,33.19,0
14,13,12,18,9,9,89,,1,49,17,0
14,19,14,65.67,9,9,81,,Charge-off,,15,1
13,11,13,26,9,9,24,,30 Days PD,,14,1
59,15,59,45.67,42,9,24,80,1,,16,0
14,10,14,71,22,11,11,,Current,,38,0
13,14,14,43,40,9,33,74,Current,,30,0
14,15,14,69,90,9,92,,Current,,38,1
59,15,59,36,64,9,85,,9,,16,0
14,11,13,96,9,9,19,,Current,64,38,0
13,13,14,24,18,9,9,,1,,15,0
14,15,14,35,9,85,83,,Current,,16,0
59,16,59,18.67,32,9,106,,1,46,24.95,0
14,10,14,145,99,9,98,,120 Days PD,,16,0
14,19,14,27.33,63,9,43,,120 Days PD,,23,0
14,16,14,14,77,9,69,,2,,30,0
59,16,59,38,9,9,9,,1,29,20.9,0
59,11,59,17.33,9,21,10,,1,46,30,0
59,15,59,46.67,9,9,60,,2,37,30,0
14,10,14,121,109,-89,35,80,1,,30,1
14,11,14,12,77,9,64,,2,,30,0
14,10,14,25,109,9,9,,0,26,30,0
14,10,14,62,109,9,100,,Current,,38,1
49,14,59,52,99,9,34,,1,,30,0
59,14,59,44.67,97,34,44,,Current,,33.04,0
59,10,59,35.67,103,9,24,,1,,30,0
13,14,14,42.67,,9,44,27,Current,,20,0
14,15,14,19,9,-89,87,,1,,20,0
14,12,14,39.33,9,9,78,,30 Days PD,,30,1
14,14,14,22.67,14,9,11,,Current,,17,0
14,16,14,41.67,9,57,75,,1,,30,0
59,14,59,17,34,9,79,44,2,46,20,0
14,13,14,11,9,9,60,,3,,15,1
14,14,9,28,9,9,96,,2,10,20,1
14,12,14,13,9,-89,97,,30 Days PD,,17,1
59,13,59,30.67,85,9,73,,1,,23.87,0
14,13,14,28.33,84,9,19,10,1,,20,0
59,11,59,43.67,69,9,55,,Charge-off,,30,0
14,15,14,77.67,33,9,34,,1,30,16,0
59,13,59,16,107,9,26,,1,46,15.44,0
14,14,14,37,109,9,100,,3,10,16.13,0
14,13,14,16,73,-89,18,80,1,,30,0
59,17,59,37,24,22,102,,5,41,20,0
14,14,14,44.33,9,9,35,,Collection,,20,1
14,19,14,14,109,9,9,,0,,15,0
14,14,14,41,37,9,60,,2,,16,1
14,19,14,17,71,9,48,,6,11,30,0
14,14,14,26,108,9,61,,1,A5,30,1
13,14,14,61,9,9,66,,1,,14,0
14,10,14,,70,9,12,,30 Days PD,,38,1
14,14,14,13.67,9,69,10,,0,,38,0
14,14,14,16,9,9,23,,1,7,17,0
59,16,59,21,9,9,50,,0,46,30,0
59,15,59,14.67,,9,54,,1,45,30,0
14,12,14,164,97,-89,36,,Current,,30,0
14,10,14,82,52,27,12,,1,,38,0
14,16,14,31,83,109,20,,0,26,30,1
14,15,14,89.33,109,9,25,,60 Days PD,14,18.01,0
29,13,59,34,,9,42,,Current,31,13.96,0
59,19,59,12.67,32,9,47,,2,,40.04,0
59,19,59,14.33,109,9,20,,2,37,16,0
59,11,59,11.67,,9,86,,1,34,16,0
14,12,13,18,13,96,71,,30 Days PD,,38,0
59,15,59,11.67,28,9,20,,9,46,29.02,0
59,10,59,35.67,66,9,28,,1,47,30,0
14,14,14,87,62,95,39,,0,,15,0
12,14,14,40,9,9,75,49,1,7,20,0
59,15,59,16.33,9,9,57,,1,,16.6,1
14,10,14,27.33,9,9,9,,Current,,20,0
59,12,49,18.33,101,9,77,,3,,20,0
59,14,59,30.67,36,9,48,,Current,,16,0
14,12,14,19,72,90,9,,0,PA,20,0
13,17,14,9,109,9,94,,0,,20,0
14,15,14,59,9,9,9,,Current,,14,1
14,14,14,46.67,81,9,105,,3,,30,0
14,14,14,33,109,9,94,,Charge-off,14,15,0
59,14,59,24.67,,9,59,,1,34,16,0
14,13,14,75.33,9,9,63,,Current,,15,0
13,15,11,35.33,84,9,54,,1,25,30,0
59,17,59,16.33,109,9,53,80,2,46,20,0
10,19,9,10.67,9,9,27,,2,19,14,0
14,14,14,36,9,9,23,,3,,17,1
59,19,59,16.67,10,38,105,,1,,30,0
14,11,14,67,96,9,47,,9,,17,1
14,14,11,34,60,20,17,,1,7,20,0
13,10,14,55,9,-90,23,,Current,76,15,0
59,12,59,26,12,9,85,,1,,38,0
59,15,59,63.67,78,9,12,,0,48,20,0
59,12,59,19,9,9,55,,0,46,17,0
14,15,14,15,9,9,14,,9,,30,0
14,16,13,19,106,9,15,,30 Days PD,,16,0
14,14,11,50,9,9,81,,Current,A5,20,0
14,17,14,14,9,9,9,,9,27,20,1
14,14,14,39,10,9,63,PA,Coll. or Charge-off,,16,0
59,15,59,28.67,,9,19,,1,46,15,0
59,13,59,20.33,9,9,50,,0,,38,0
14,14,14,12.33,9,22,20,,9,,14,0
13,14,14,45,34,-90,88,,Current,8,20,0
59,16,59,17.67,9,9,32,,Chapter 13,46,15,0
14,14,14,63.33,55,9,79,,2,,30,0
59,15,29,56.67,9,9,9,,1,29,16,0
14,15,14,63,9,9,35,,30 Days PD,,20,0
14,19,14,12.67,9,9,76,,2,10,16.91,0
14,14,14,25,9,9,45,,Current,26,20,0
14,15,14,36,35,10,45,,90 Days PD,,16,0
29,17,19,54.33,,9,63,,1,22,14,0
14,14,14,68.67,9,9,29,,Current,,21.86,1
13,10,14,87,109,50,17,,30 Days PD,,30,0
14,15,14,124,21,-89,55,,1,64,16,0
14,10,14,148,9,9,23,,30 Days PD,,20,0
59,14,59,34.67,9,9,22,,1,,20,0
59,10,59,36.33,104,9,17,,1,46,30,0
14,12,14,17,9,9,9,82,Charge-off,,20,0
59,14,59,81.67,109,9,17,,Current,46,24.61,0
14,10,14,146,87,9,27,,Current,,30,1
14,12,14,67,42,9,104,,Current,,38,0
59,16,59,12.33,,9,11,,9,37,20,1
14,10,14,158,9,-89,68,,90 Days PD,,30,0
49,12,59,48.33,9,9,19,,1,,30,0
14,10,14,43.67,9,9,18,,2,,20,1
49,15,59,32,75,9,34,,3,39,16,1
13,17,14,25.67,80,17,60,,Current,,16,0
13,12,13,10,9,9,9,,Current,,20,0
14,19,13,18,101,-89,11,10,Current,10,30,0
59,15,59,21,109,40,104,,0,,20,0
14,14,14,56,9,9,17,,30 Days PD,,20,0
14,16,14,,9,9,52,,Coll. or Charge-off,,16,0
14,19,11,47.67,15,9,44,,30 Days PD,,30,0
14,16,14,20.67,9,9,56,,Current,,13.68,0
59,14,59,37,99,107,10,,2,,22.13,0
59,16,59,30.33,,9,94,,1,31,14,0
59,14,59,33,,9,18,,2,34,16,0
13,17,14,39,9,9,10,,Current,,14,0
13,15,14,75,109,-89,68,,Current,,38,0
59,18,59,28,,9,51,,1,37,20,0
59,12,59,17.67,57,9,41,,1,,20,0
14,15,14,24,58,65,87,,2,,30,1
14,10,13,96,13,9,79,,120 Days PD,64,30,1
14,15,14,66.67,9,9,55,,2,10,30,1
14,13,14,90.67,109,9,99,,30 Days PD,,20,0
14,16,14,14,49,9,21,,Current,,16,0
14,16,14,24,100,9,61,,30 Days PD,,16,1
14,14,11,70,9,-89,74,,Current,64,30,0
59,17,59,21.67,,9,88,,30 Days PD,41,17,0
14,16,14,15,107,9,9,,30 Days PD,,30,1
59,19,49,12.83,,9,30,,2,46,16.58,0
59,12,59,13.67,80,9,37,,1,,30,0
14,18,14,,93,11,75,,2,,30,0
14,14,14,21.33,9,9,75,,1,10,15,0
59,14,59,14,9,9,26,,60 Days PD,46,14.82,0
59,13,59,16,89,9,41,,1,,21.19,0
14,14,13,101.33,56,9,57,,2,26,30,0
14,14,14,15,96,-89,13,,0,,17,0
59,17,59,15.33,,9,27,,1,,17,0
49,14,59,45,,9,9,,3,,20,0
59,15,19,16.67,,9,36,80,1,40,15,0
14,14,12,61,9,102,45,,1,,20,0
14,12,14,,83,9,9,,Current,,17,1
14,12,14,40.25,9,9,41,,30 Days PD,,25.81,1
14,10,14,98,39,9,64,,1,,30,0
59,10,59,73.33,41,9,105,,1,41,38,0
14,14,14,79,75,85,64,,Current,10,17,1
14,19,14,22,69,60,71,27,1,64,30,0
14,10,14,89.67,9,9,84,,2,,38,0
14,19,14,,9,9,37,,60 Days PD,,17,0
59,19,9,16.67,,9,61,,1,46,15,0
59,14,59,34,9,9,79,,1,,38.86,0
59,14,59,58.33,85,9,20,,1,46,15,0
13,13,14,34.33,70,9,67,,1,,20,0
14,12,13,32,9,10,96,,3,,30,0
14,13,14,16,92,9,37,,1,,20,0
59,17,59,23.33,18,9,57,,0,41,38,0
13,18,14,22,9,9,48,,1,ZI,38,1
14,16,14,14,9,9,31,,60 Days PD,8,16,0
59,14,59,17.33,96,9,17,,3,41,30,0
14,14,14,77,9,9,75,,Current,,16,1
13,14,11,,89,9,88,10,3,8,30,1
59,17,59,37,109,9,9,,1,46,20,0
14,11,14,57,9,62,49,,30 Days PD,,38,0
14,10,14,85,9,9,76,,1,14,30,0
59,16,39,22.33,9,9,45,,Current,37,30,0
14,16,13,103,94,104,28,,Current,,38,0
49,19,59,27.33,,9,9,80,1,,14,0
14,14,14,,9,9,47,,60 Days PD,,30,0
14,15,14,66,9,9,67,,Forecl. or Repo,10,30,1
14,16,13,43,9,9,12,,Current,,16.5,0
14,15,14,13,97,9,88,,2,,38,0
49,17,59,35.33,9,9,52,,1,,30,0
14,14,14,46,9,9,47,,4,70,30,0
59,17,59,19,,9,9,,Current,31,16,0
14,15,14,29,86,9,60,,60 Days PD,,17,0
59,11,59,31,9,9,97,,9,,20,0
14,13,14,14,9,9,96,,1,,38,1
59,15,49,25.33,59,9,73,,2,,30,0
59,14,59,114.33,9,9,11,,90 Days PD,,19.4,0
13,14,14,56,37,9,47,,1,,20,0
14,15,14,19.33,9,9,11,,0,,16,0
14,11,14,11,102,16,44,,90 Days PD,26,20,0
13,19,9,29.67,9,9,30,,0,25,17,0
14,10,14,,109,9,9,,30 Days PD,,17,0
14,16,14,38,9,9,11,,Current,,38,1
14,13,14,23,28,9,77,,1,26,15,0
13,14,14,35,9,9,13,,Current,8,14,0
14,19,14,23,9,9,77,,9,,38,0
14,11,14,47,103,9,73,,Current,,30,0
29,19,49,14.33,9,9,72,80,0,37,38,0
59,18,59,20,,9,32,,2,37,22.52,0
59,13,59,26.33,9,9,9,,7,,20,0
13,10,14,31,109,9,109,,1,,14,1
14,15,9,15,9,9,53,,3,27,17,1
14,15,14,15,9,9,65,,60 Days PD,,14,0
14,16,14,32,100,37,75,,Current,,20,0
14,14,14,77.67,48,9,29,,30 Days PD,ZI,16,0
59,13,59,24,9,9,28,,Charge-off,46,30,0
59,14,29,93.33,109,9,79,,1,30,16,0
59,19,49,20.33,95,9,86,,1,,16.67,0
14,19,14,12,9,9,44,,4,,38,0
14,12,14,134.33,9,9,10,,1,76,17,0
59,16,19,37,30,9,76,,1,31,15,0
59,11,39,11,26,9,12,,1,,20,0
13,17,14,76,50,30,93,,30 Days PD,,30,0
14,14,14,157.33,9,9,11,,1,44,38,0
59,15,59,76,15,109,37,,1,41,22.04,0
59,11,49,72.33,9,9,15,,3,46,28.76,0
14,12,14,24.33,9,9,9,,Current,,16,0
59,15,29,41.33,,9,72,,2,31,18.33,0
49,12,59,42,106,9,49,,1,31,30,0
13,19,14,13.33,109,67,53,MI,30 Days PD,,30,0
49,16,39,11.67,,9,44,SR,1,,16,0
59,12,9,12,9,9,58,,1,,15.52,0
59,16,29,21,,9,73,,30 Days PD,37,14.3,0
59,19,59,22.33,15,9,74,,9,,20,0
14,19,14,20.33,77,9,71,,0,,20,0
59,12,59,12.33,9,9,15,,2,,15,0
59,10,59,50.33,48,74,28,,6,41,38,0
14,14,14,33,48,92,88,,Coll. or Charge-off,,38,0
14,19,14,18,9,9,39,,0,,15,0
14,10,14,62,9,74,28,,Current,,38,0
14,10,14,30,14,9,69,,1,,30,1
13,14,13,29.67,96,10,30,,Coll. or Charge-off,,38,0
14,14,14,40.33,9,9,74,,1,,20,0
14,14,13,16,9,9,51,,Current,,30,0
49,13,59,38,109,9,50,,2,41,18.14,0
14,15,14,46,67,91,25,,1,,20,1
14,13,14,28,9,-88,34,,60 Days PD,,20,1
59,17,39,53.67,,9,51,,1,,30,0
14,19,14,16.67,,9,73,,Current,,20,0
14,14,14,28,9,9,42,,1,,17,0
14,16,14,44,9,29,16,,Current,,30,0
14,19,14,15,9,9,41,,60 Days PD,,38,0
13,19,14,12.67,95,9,57,10,9,,14,0
59,16,59,27.33,9,9,67,,9,46,30,0
14,10,14,76,69,-89,71,,1,,38,1
14,13,14,,9,9,69,,60 Days PD,,30,0
14,13,14,,9,9,36,,1,,30,1
14,14,11,17,9,9,69,,3,8,16.22,1
14,12,13,30,83,-90,48,,1,14,20,0
14,15,14,18,9,9,38,83,Current,,30,0
14,10,14,,93,9,28,,Current,,38,0
59,15,39,109.67,,9,41,,5,46,17,1
59,15,59,104,109,90,40,,1,,30,0
14,11,11,35,98,9,34,,6,A7,20,0
14,15,14,18,74,96,14,,0,44,30,0
59,15,59,58,9,9,94,,2,34,15.9,0
14,12,14,14,9,9,43,,30 Days PD,,14.38,0
13,15,14,14,95,9,9,,Current,,17,0
14,14,14,29,9,9,37,,Current,,15.93,1
59,15,29,58,108,9,40,,1,31,15,0
13,15,14,30,109,9,78,,9,8,20,1
14,14,14,,88,9,26,,0,,30,1
14,13,14,15,34,9,34,,1,A7,38,0
59,16,59,70,21,9,26,,2,,38,0
11,14,11,22.33,105,9,9,,30 Days PD,64,30,0
13,14,14,39,85,-88,30,,1,A5,30,0
14,13,14,56,105,104,29,,Coll. or Charge-off,,30,0
14,19,14,32.67,9,9,94,,1,,21.52,1
59,11,59,11,29,9,29,,3,,30,0
14,15,11,14,104,-89,52,,1,,17,1
14,13,13,31.67,9,9,24,,30 Days PD,,30,0
14,14,14,15,60,79,23,,0,,38,0
59,14,59,23.5,29,9,19,,1,41,20,0
14,11,14,14,9,9,55,,6,8,20,1
49,13,59,35.33,103,9,52,,5,31,14,0
59,15,59,9,103,84,43,,Current,46,15.41,0
14,15,14,54.67,37,9,61,71,1,,30,0
14,14,14,34,37,9,25,,1,,38,0
14,14,14,46,9,28,70,,Current,,20,0
14,17,14,16.33,9,9,94,,Current,,17,0
14,11,14,17.33,109,9,9,,0,,20,1
14,19,14,15,9,9,27,,Coll. or Charge-off,,16,1
13,19,14,12,75,9,22,,60 Days PD,70,17.81,0
14,17,13,67,80,100,88,,60 Days PD,,30,0
49,15,59,33,9,9,64,80,1,37,20.5,0
59,12,59,35.67,66,38,24,,1,37,20,0
59,17,59,15.67,9,9,49,,1,37,30,0
14,10,14,,9,-89,14,,Current,,30,0
14,13,14,12,9,10,89,,Current,,30,0
59,11,59,20.33,95,9,54,,1,37,14.1,0
14,15,14,15,15,9,55,,1,A7,17,0
49,19,59,38.33,109,9,98,,1,34,30,0
14,14,14,12,9,9,81,,30 Days PD,,14,0
14,15,13,37,88,9,70,,Current,,30,0
14,13,14,32,9,9,12,82,30 Days PD,,14,0
14,13,14,39,9,14,74,,0,,38,0
14,10,14,14,94,9,15,,Current,,30,1
13,19,14,13,109,9,48,,1,,20,0
13,15,14,22,47,-89,99,14,30 Days PD,,30,0
13,14,14,40,73,43,75,,2,82,20,0
14,17,14,19,9,9,99,26,Current,64,30,1
14,19,14,30.33,9,9,29,,0,,20,0
14,15,13,26,88,92,38,,30 Days PD,14,20,0
59,14,59,14.33,108,9,33,,2,47,17.97,0
59,13,59,11.33,,9,38,,1,46,15,0
59,13,59,31,91,109,68,,30 Days PD,,25.3,0
49,14,59,12.67,9,9,17,,2,47,20,0
59,14,39,47.33,9,9,83,,1,,30,0
13,16,14,19.67,51,9,84,,1,,30,1
14,16,14,37,101,9,57,,1,,17,1
13,14,14,37.33,40,9,13,,2,,16,1
14,16,14,14,9,32,27,,Current,,20,0
14,13,9,40.67,109,9,108,,Current,,16,1
14,13,14,47,39,14,68,,Current,,30,0
59,10,59,52,,9,11,,1,,16,0
14,16,14,22,98,9,89,27,Current,,20,1
14,14,14,43.33,9,9,9,,0,,16,1
49,14,59,51.33,109,9,76,,2,,23.18,0
13,12,12,16,63,9,9,,Current,,20,0
14,14,14,69,9,49,20,,30 Days PD,,20,0
14,19,14,19,9,9,32,28,1,,30,1
13,14,14,37,9,9,41,10,2,,16,1
14,15,14,77,9,52,95,,Current,,38,1
19,15,39,35,109,9,61,,9,46,15,0
14,14,14,19,9,9,81,10,Charge-off,27,38,0
14,13,14,61.67,36,9,67,,Current,,38,0
14,10,14,,32,9,52,,30 Days PD,,38,1
14,10,14,52.67,9,9,16,,1,,17,0
13,15,14,49,59,9,71,,0,,38,0
14,11,11,28,9,9,67,,60 Days PD,64,20,0
13,19,14,29.33,54,104,91,27,30 Days PD,,20,0
19,13,59,61.67,76,12,50,,1,,38,0
14,10,14,42,83,9,22,80,1,,17,0
13,13,13,15,104,104,17,,1,,38,1
49,11,9,14,,9,9,52,60 Days PD,,15,0
49,15,59,16.67,,9,44,,1,37,16,0
59,12,59,25.67,91,9,9,,1,46,20,0
14,14,14,43.67,68,9,77,,9,,30,0
14,14,14,32,94,9,31,,2,,17.96,1
14,10,14,49,9,-90,23,,Current,49,16,0
13,13,14,11,109,9,85,,30 Days PD,,30,0
59,10,59,23.67,87,9,14,,1,,17,0
14,10,12,40,9,9,89,,1,A0,38,0
13,14,14,,9,9,9,,5,,30,0
14,15,14,97,56,-89,32,,Current,,30,0
14,14,13,33,88,9,71,,30 Days PD,,30,0
14,10,14,33.33,81,9,10,,5,30,14,0
14,14,9,26,77,-89,9,,2,,16,0
14,14,14,40,97,-89,105,,Current,70,30,0
13,10,14,29,57,9,96,,60 Days PD,,38,0
11,15,14,33.33,105,9,103,25,Current,,38,1
14,13,14,,49,35,95,,1,,30,1
14,14,12,21,81,9,15,,1,,20,0
13,14,14,19.33,20,9,15,,1,64,20,1
13,17,13,16.33,16,9,67,,Current,,20,1
14,10,14,73,87,9,58,10,30 Days PD,,30,0
59,14,49,79.67,68,9,76,82,1,,17.69,0
14,14,14,17,9,9,45,,30 Days PD,10,20,0
14,14,14,53,71,50,32,,Current,,20,1
13,14,11,9,9,9,97,,1,25,14,1
14,14,14,19,9,9,19,,0,,20,0
49,15,9,39,,9,39,,1,,15,0
14,15,14,26,34,29,20,,0,,20,1
59,12,59,50.33,37,24,22,,2,,30,0
14,15,14,18,9,9,70,10,1,,20,1
59,10,59,55.33,83,9,31,,1,,20,0
14,15,9,45.67,103,88,32,,0,27,30,1
14,16,14,21.33,9,105,74,,9,,30,0
14,10,14,69,84,9,77,,30 Days PD,,38,0
14,10,14,16,9,49,102,,Current,,17,0
14,19,14,11,9,9,62,,3,10,34.27,1
59,14,59,10.67,,9,26,,2,34,17,0
13,14,14,38.67,63,9,69,,Current,,17,0
13,13,13,12.33,9,9,62,,1,10,18.88,1
14,16,11,30.33,9,9,39,,2,,20,1
,19,,40.33,,,,,,,19.34,0
59,14,59,26.33,106,98,25,,1,,30,0
14,14,14,44,9,62,31,,1,,20,0
14,14,11,101,9,-89,15,,30 Days PD,,30,0
59,19,59,16.33,70,9,9,,30 Days PD,46,38,0
14,12,13,36,9,9,9,,Current,,20,1
14,11,14,108,100,-90,68,,0,,30,0
59,19,59,27.67,97,109,75,,2,41,30,0
59,14,59,69,9,9,25,,2,37,16,0
14,12,14,89,87,-89,106,,30 Days PD,,38,0
14,11,14,13,9,9,28,,1,,20,0
59,16,59,65.67,96,9,50,,1,,30,0
14,15,14,16,51,9,72,,30 Days PD,8,17,0
14,10,14,,74,9,36,,Current,,30,0
14,10,14,12,35,9,16,14,0,,15,0
14,14,9,54.67,9,9,71,,30 Days PD,8,30,0
14,10,14,36,9,9,82,,0,30,38,0
14,17,14,58,106,9,100,,2,,30,0
13,16,14,44,10,9,63,,30 Days PD,,16,0
13,14,14,9,9,11,10,,Current,,38,1
59,14,59,38.33,35,9,91,,0,,15.28,0
13,11,14,12,104,18,76,44,1,,30,0
59,12,59,27,109,89,65,,1,,41.13,0
59,10,59,73.67,,9,9,80,2,41,16,0
59,16,59,35.67,56,9,25,,1,37,20,0
14,19,14,32,35,9,19,,1,,20,1
14,14,14,14,9,9,10,,30 Days PD,,38,0
59,10,59,59.33,29,9,26,,1,,15,0
13,14,14,59,9,9,90,7,3,,38,0
13,19,14,,11,9,45,,30 Days PD,,20,0
14,15,11,22,109,9,51,,60 Days PD,8,16,0
49,15,59,31,105,100,63,,1,46,16,1
59,19,59,14.33,30,18,27,,1,,30,0
59,12,59,10.67,,9,41,,2,31,15,0
14,13,14,29,29,9,38,,1,,20,0
14,15,14,13,9,9,88,,Current,14,16,1
13,17,14,22,9,9,96,,Current,,20,0
14,14,13,37,9,9,39,,30 Days PD,,14.52,0
14,13,14,31,72,9,89,,1,,30,0
14,10,14,96,108,-89,94,10,Current,,20,1
13,14,14,41,9,9,26,,120 Days PD,8,17,1
59,19,59,22.33,21,9,25,,2,41,20,0
14,14,14,44,9,9,92,,0,30,30,0
59,16,59,40.67,13,9,67,,60 Days PD,,30,0
14,11,14,28.67,101,93,41,76,30 Days PD,10,20,0
14,12,13,13,64,-89,45,PA,30 Days PD,,38,0
13,10,12,58,59,-89,86,,2,,20,0
14,14,14,36.33,69,34,75,,60 Days PD,,30,0
59,17,59,29.33,,9,37,,1,41,30,0
14,16,14,19,64,9,88,,Current,82,30,1
13,19,14,35,91,9,44,74,5,,30,0
14,13,14,16,57,77,41,,150 Days PD,,30,0
14,10,14,54,9,9,17,,1,,15,1
14,11,14,32,20,-89,79,,30 Days PD,,16,0
14,10,14,50,82,9,39,,Current,,16,1
59,12,59,34,83,9,81,,2,,20,0
14,14,14,41,89,9,43,,Forecl. or Repo,,20,1
19,19,59,16.22,81,9,30,,1,46,25.02,0
14,14,12,13,9,109,88,,0,8,17,0
14,14,12,25,9,9,9,,5,8,14,0
14,16,14,17.33,81,9,25,,Current,,14,0
14,14,14,,9,9,12,,30 Days PD,,30,0
14,19,14,18,9,9,18,,Current,,16,0
14,14,14,29,9,-89,71,,Current,,20,1
14,10,14,59,9,9,24,,30 Days PD,,30,0
14,17,14,11.67,9,9,85,,1,,16,0
13,10,14,44,9,9,9,,1,,30,0
59,19,39,13.33,,9,79,,4,37,30,0
14,15,14,16,40,9,75,,30 Days PD,,17.27,0
14,14,14,89,9,-89,9,,5,14,30,0
14,15,13,231.67,101,9,51,,60 Days PD,,30,0
14,16,14,9,79,78,64,,9,,30,0
14,14,11,18.33,9,9,9,,30 Days PD,26,20,0
14,19,14,20,9,9,98,,Current,,20,0
11,14,14,44.67,9,9,52,,Current,,20,0
59,15,59,33,106,29,10,,1,31,20,0
59,14,59,106.67,9,9,26,,120 Days PD,,18.79,0
59,12,59,53,9,9,35,,1,46,17,0
14,13,14,41.67,79,9,26,,Current,,20,0
14,12,9,,9,9,9,,150 Days PD,26,20,1
14,14,14,40,9,-89,79,,0,,14,0
14,14,14,16.33,109,9,68,,3,,14,0
14,13,13,34,88,-89,67,,30 Days PD,,30,1
14,13,14,45,83,83,28,,Current,8,20,1
14,19,14,13,82,9,84,,Coll. or Charge-off,,17,0
14,14,14,49,9,9,28,,1,,13.76,1
14,10,14,48,9,9,88,,0,,20,0
14,16,14,69,9,-89,53,7,1,,30,0
59,16,59,48.33,9,9,41,,1,46,38,0
59,13,59,11,9,9,9,,2,41,14,0
14,19,12,18.67,9,9,11,,Charge-off,25,20,0
14,13,14,28,106,9,37,,Charge-off,,20,0
13,12,14,59.67,9,9,109,,Current,26,17,0
14,16,14,34,9,9,77,,1,,20,1
14,12,14,12.33,109,9,45,,9,70,15,0
59,17,59,41.33,,9,38,,Current,46,16.53,0
13,14,14,65.67,9,9,9,,2,,16,1
14,13,14,38,9,9,45,,1,,38,0
59,15,59,66,,9,21,,5,37,20,0
14,14,14,15,55,-89,60,,Current,,20,0
14,10,14,12,11,9,21,,1,A0,38.75,0
14,14,14,,49,9,53,,1,,15.76,0
59,19,19,14,,9,63,,2,31,20,0
49,19,19,24,92,34,51,,1,41,16.11,0
59,15,59,84,9,9,73,,1,54,20,0
14,14,14,42,90,9,24,,1,,15,0
14,14,13,68,9,9,20,,Current,,30,0
49,19,59,14.67,42,72,76,,2,34,20,0
14,19,14,12,9,62,47,,Current,,16,0
14,18,14,32,9,9,9,,Current,,15,0
59,14,59,14.67,91,9,61,,2,,20,0
14,15,14,27.33,35,9,64,,120 Days PD,26,30,0
14,19,14,18,81,9,27,,0,,30,0
14,16,11,44,31,9,49,,90 Days PD,14,38,1
14,12,14,,93,9,91,,Current,,23.49,1
59,14,59,11,,9,9,,Current,,20,0
59,12,59,42,,9,34,,0,,16,0
14,13,14,15,109,-89,10,,Current,,14,0
14,19,14,15.33,39,9,52,,1,,20,1
49,14,49,13,,41,18,,1,34,30,0
14,14,14,33,9,9,21,,Coll. or Charge-off,27,17,0
13,14,14,17.67,9,9,52,10,9,,16,0
14,15,14,63,9,9,51,,1,,15,0
14,13,14,40,9,9,41,,1,,25.87,0
59,16,59,23.33,63,9,45,11,2,46,30,0
59,13,59,44,109,42,58,,7,41,15.04,0
14,19,14,17,9,9,32,,0,70,30,0
13,13,14,27,72,-90,75,,1,10,30,0
10,12,14,18.33,26,9,78,7,30 Days PD,,20,0
13,11,14,141,101,12,66,,0,,38,0
59,11,59,14.67,96,9,23,,0,41,30,0
14,13,14,,57,9,13,,30 Days PD,,30,0
59,10,59,48.67,,9,9,,3,37,20,0
59,14,59,28,9,11,58,,9,37,15.19,0
13,14,14,24,20,58,56,49,2,,30,0
13,10,14,77,102,9,23,7,1,,30,0
13,17,14,49.33,109,9,62,,Current,,23.34,0
59,14,59,30.67,9,9,12,,2,46,38,0
49,12,59,18,97,59,62,,2,,38,0
59,13,49,48.33,14,9,54,,30 Days PD,,16,0
13,14,14,39,9,9,85,,30 Days PD,,20,0
14,12,14,44.33,9,9,45,,2,64,20,1
59,16,59,16.67,9,9,22,,Current,,30,0
14,14,14,47.67,93,9,24,,0,,20,0
29,13,59,75.33,80,9,25,52,1,37,18.35,0
14,13,9,33,9,9,65,38,Current,A7,15.82,0
14,12,14,55,107,9,49,,150 Days PD,,17,0
59,15,59,35,109,9,43,,1,37,30,0
14,10,14,108,9,9,69,,Current,16,38,0
59,14,59,89.67,60,9,46,,1,,19.77,0
11,19,14,16,14,9,92,,1,,15,0
59,14,59,30.67,107,9,77,,30 Days PD,,16.7,0
13,13,14,11,9,9,9,,1,,16,0
14,15,14,61.33,9,9,42,RS,Current,30,20,0
49,15,59,17.33,,9,95,,1,46,14,0
14,12,14,31.33,9,9,34,,0,,15,0
14,14,14,63,103,9,105,,1,,14,1
49,19,59,9.33,78,9,38,,4,,18.53,0
14,15,14,12.67,99,9,74,,Current,,30,1
14,10,11,12,9,9,66,,2,70,20,1
59,16,59,,54,9,79,,1,,19.75,0
14,12,14,39,9,-89,79,,Current,,15,0
13,15,14,108,51,9,27,,Coll. or Charge-off,,30,0
13,19,9,18.67,9,9,12,,Current,27,23.71,0
14,12,14,51,88,72,23,,Coll. or Charge-off,44,20,0
59,10,59,102.67,13,9,10,,1,47,38,0
14,15,14,14,54,-89,36,,0,70,30,0
14,14,14,39,9,9,68,,9,,17,1
49,14,59,25,9,9,84,,2,,17,0
10,12,14,17,106,9,45,80,30 Days PD,,17,0
14,19,14,35,83,69,59,,0,,20,0
59,14,59,16.33,19,9,49,,7,,38,0
14,12,14,36,10,9,28,,1,82,20,0
13,11,11,20,107,9,37,7,1,25,30,1
14,14,14,117,109,9,59,,Current,PA,16,0
59,13,59,85.33,,9,35,,1,46,17,0
14,14,14,36,81,9,83,,1,,30,0
14,13,14,42,10,-90,51,,0,,38,0
14,10,14,257.67,9,20,9,,Current,,20,0
59,14,59,37,9,9,41,,9,,30,0
14,14,14,16,9,9,31,,0,,20,0
14,10,14,62.67,84,9,14,,2,,17,0
59,19,59,12.33,9,9,16,,3,34,18.77,0
49,14,59,60,109,9,44,,9,41,15.77,1
14,16,9,10.67,72,9,81,,Current,10,30,0
13,13,14,30.67,9,9,35,,30 Days PD,,20,1
13,13,14,60,98,-89,39,,0,,30,0
14,12,14,83.33,51,9,43,,1,,30,1
14,11,14,22,9,9,20,,9,,17.03,1
59,10,59,102,14,9,13,,3,41,30,0
49,15,59,50.33,65,9,18,,2,,20,0
59,13,59,79,20,16,17,,5,,38,0
59,14,59,13.67,,9,54,,2,,30,0
14,19,14,,9,9,76,,Coll. or Charge-off,,20,0
14,10,13,,73,9,50,,0,,30,1
14,13,14,40.33,106,9,90,,2,,20,0
14,19,14,14.33,9,9,102,,Current,10,30,0
59,14,59,36,109,9,69,,1,,20,0
13,19,9,17.67,9,9,35,,1,A7,15,0
14,10,9,44,9,9,66,,Collection,64,14,0
59,14,59,11.33,,9,87,,2,31,15,0
14,14,13,11,,9,26,,Coll. or Charge-off,A5,30,0
14,15,12,35.33,51,9,41,10,Current,,30,0
14,15,14,67,9,9,71,,90 Days PD,CZ,30,0
49,15,49,34.67,34,9,23,,Current,,15.21,0
59,14,59,13.67,45,9,100,,Current,,38,0
59,16,49,40,,9,17,,1,37,15,0
13,10,14,22.33,9,9,62,,Current,,20,0
14,19,14,25.67,9,83,37,,0,,30,1
13,14,13,16,108,9,48,,30 Days PD,,16.52,0
13,11,14,32,104,109,82,,1,,16,1
14,17,14,16.33,14,9,54,,Current,,20,0
14,15,14,33,102,-89,68,,Current,8,20,0
49,16,59,42,109,9,89,,2,41,27.1,0
14,14,14,71,101,-90,70,,1,49,20,0
59,13,59,9,51,10,89,,30 Days PD,,38,0
14,12,14,33,9,89,45,,Current,,38,0
59,13,49,22.33,107,9,9,,0,41,30,0
13,10,14,28,89,-89,104,,30 Days PD,14,20,0
14,19,14,27.67,9,9,9,,Current,,16,1
13,10,14,51,49,9,9,,Current,31,20,0
14,15,14,37,109,9,24,,1,26,30,1
13,14,14,17,78,9,39,,1,,15,0
14,19,14,15,9,9,87,,30 Days PD,,30,0
13,15,14,48,9,9,29,82,30 Days PD,,17,1
59,19,59,14.67,109,9,97,,1,37,16.85,0
14,10,14,30.33,9,9,29,,30 Days PD,,20,0
59,14,59,39.33,109,9,107,,1,,14.32,0
59,15,59,47,9,9,44,,90 Days PD,41,24.49,0
13,14,13,40,15,9,68,82,1,,30,1
14,12,14,16,9,-90,92,,Current,,16,0
13,13,14,40.67,9,9,79,,Current,26,20,0
13,14,14,35,105,9,90,,0,,14,0
14,15,14,36,9,-90,23,,9,,20,1
14,15,14,33.33,9,9,51,,60 Days PD,26,17,0
14,16,14,49.33,109,9,40,,Current,,16,1
14,19,14,16.67,9,9,53,,2,,20,0
59,17,49,57.33,,9,24,,1,34,15,0
59,15,59,20,,9,21,,1,37,13.16,0
59,15,59,42.33,,9,27,,0,,20,0
14,10,14,66,89,108,43,,1,,30,1
59,12,59,15.67,109,51,70,,1,37,48.03,0
14,12,14,19.67,85,9,62,,0,,20,0
11,19,14,10,54,9,61,12,30 Days PD,,38,0
13,11,14,22,108,33,27,,Current,,30,0
59,13,59,11.67,10,9,9,,1,41,30,0
14,11,14,65,86,9,86,,1,,30,0
14,15,14,51,90,9,55,,1,,20,0
14,14,14,36.67,67,9,53,10,Current,26,14,1
59,10,59,80.33,17,9,61,,9,,38,0
14,11,14,19,79,13,88,12,9,,38,1
49,15,59,43.33,9,9,31,,0,37,16,0
59,14,59,37,107,9,16,,1,,44.07,0
14,11,14,20,51,60,22,,0,,30,0
14,14,14,,9,9,9,,30 Days PD,,14,1
14,19,9,15,9,9,47,,1,26,16,1
14,10,14,89,9,-90,37,,Current,,20,0
59,16,59,17,9,9,46,,3,46,20,0
59,18,59,12.67,,9,76,,9,34,30,0
49,16,59,31,,9,50,,1,37,14,0
14,15,14,29,35,9,34,,30 Days PD,10,20,0
59,19,29,14.67,9,9,55,,1,37,17.62,1
14,14,14,14,9,9,65,,120 Days PD,,18.24,0
14,16,14,13,94,-89,60,,120 Days PD,,15,0
14,14,14,10,91,-89,83,,Current,,16,0
14,11,14,72.33,21,88,61,,2,,20,0
14,16,14,56,75,10,14,,Current,,38,0
14,19,11,13,9,-90,53,PA,1,70,17,0
13,18,14,,9,9,30,,1,70,30,1
14,10,14,33,9,9,23,,0,,20,1
14,10,14,85,9,9,19,,9,,30,0
14,15,14,21,105,9,45,,30 Days PD,70,20,0
13,17,12,31.33,103,9,86,,2,7,30,0
14,12,14,62,75,9,73,,Coll. or Charge-off,,30,0
59,11,59,,40,9,52,,1,,38,0
59,16,59,68,,9,18,80,1,34,14,0
13,10,14,44,21,9,58,,1,,20,0
14,15,14,43,9,9,21,,2,76,30,1
13,10,14,48,21,9,58,,Current,,20,0
29,14,39,46.67,45,9,30,80,Current,,20,0
13,10,14,39,9,9,50,,Current,,38,1
14,13,14,43,105,9,24,,30 Days PD,27,16,0
49,17,49,50,,9,25,,Current,46,20,0
14,12,14,16,90,-89,9,,0,,20,0
14,10,14,86,100,76,86,,30 Days PD,,30,0
59,12,59,82,76,9,74,,1,37,38,0
14,13,13,49.67,25,9,90,,0,,30,0
59,14,39,102.33,9,9,23,,5,,17.09,0
14,16,14,22,103,9,58,,30 Days PD,,16,0
59,10,59,68,89,9,43,,4,,15,0
14,15,13,15,96,9,65,,Current,,20,0
14,13,9,11,9,9,52,,90 Days PD,8,16,1
14,19,14,18.67,103,58,30,,Current,,30,0
14,19,12,37,85,9,97,,30 Days PD,,17.99,0
14,12,14,28,106,9,38,,30 Days PD,,20,1
14,15,14,,82,9,75,,30 Days PD,,30,0
14,11,13,12.33,9,31,70,38,1,10,15,1
14,14,14,12,52,9,63,,90 Days PD,,38,0
13,11,14,55.33,15,9,12,,1,,30,1
59,15,59,47,9,9,96,,1,,30,0
13,10,13,,47,9,86,,Current,,30,0
59,19,49,13,,9,80,76,Current,37,20,0
59,19,59,15.67,,9,72,,4,46,16,0
14,10,14,62,103,14,16,,0,,30,0
14,14,14,13,87,9,20,,1,10,15,0
59,12,59,22.67,97,9,43,,3,34,13.89,0
14,13,14,12.67,9,9,36,,30 Days PD,,38,0
59,14,59,56.33,70,9,55,,2,36,30,0
59,15,59,23.67,9,9,22,,2,,32.13,0
14,13,12,12,78,9,51,,30 Days PD,,30,0
14,15,14,43.67,109,9,75,,2,8,15,1
14,17,14,34.33,99,21,92,,0,,17,0
59,13,59,82.33,65,9,74,,3,,23.04,0
11,14,14,117,9,9,91,27,Charge-off,,20,0
14,14,14,19,10,-89,49,,0,,30,0
14,15,14,58,108,40,24,,30 Days PD,27,17,0
14,14,14,36,85,9,51,,Current,70,20,0
29,14,59,40,106,9,22,,1,31,20,0
13,14,14,54,9,-89,35,,30 Days PD,,20,1
14,13,14,25.67,9,9,56,,1,,19.29,0
49,19,59,27,107,74,109,,1,46,14.66,0
59,15,59,25.67,,9,23,,1,37,17,0
14,12,14,15,9,-90,27,,60 Days PD,,30,0
14,14,14,40,69,9,43,,90 Days PD,,20,0
11,15,11,39.33,9,9,49,52,1,64,20,1
59,14,59,78,36,9,47,,1,,20,1
14,14,14,13,9,9,76,,3,64,14.43,0
13,14,14,68,43,-89,90,74,Current,,38,0
14,17,14,12,9,9,92,,30 Days PD,,20.53,1
14,18,14,101,9,35,53,,Current,,30,0
59,13,59,47,97,9,45,26,0,,16,0
14,18,10,15,109,9,20,,Current,25,16,1
49,14,59,14.33,26,9,69,,1,46,16.14,0
14,16,14,12,72,9,55,,5,,30,0
13,19,14,13,67,9,74,,1,64,14.55,0
14,12,14,29,9,-89,81,,0,44,30,0
14,11,14,20,104,9,85,,Charge-off,,20,1
59,19,59,23,15,9,32,,30 Days PD,,30,0
59,14,59,29.33,,9,51,,1,37,14,0
13,14,14,35,9,-89,60,16,1,,30,0
14,19,14,18.67,9,9,53,,9,,16,0
13,14,14,91.33,58,9,13,RS,1,26,17,0
13,11,9,103,109,-90,63,27,30 Days PD,27,30,0
59,17,49,52,,9,77,,1,,20,1
13,10,14,52,44,9,18,,Current,,15,0
14,10,14,,87,9,45,,30 Days PD,,20,0
14,10,14,94,109,9,83,,Current,,20,1
14,16,12,15.67,105,9,83,,1,,14,0
59,10,59,66,,9,43,,1,,20,0
14,15,14,14,68,9,67,,30 Days PD,10,20,0
29,12,59,62.67,101,9,49,,1,46,20.34,0
49,14,49,30,22,9,9,,1,,20,0
14,14,12,57.67,109,53,49,,0,,16,0
14,10,14,79.33,9,9,48,,1,,30,0
14,14,14,16,9,9,96,,180 Days PD,8,30,0
14,14,14,24,9,9,29,,60 Days PD,,30,1
14,10,14,76,74,9,30,,5,A5,20,0
29,17,29,35,24,9,9,80,2,29,14.77,0
59,16,49,72,,9,63,,1,,14,0
59,15,59,18.33,9,9,97,,30 Days PD,,38,0
14,10,14,11.33,9,9,11,,1,64,14,0
59,14,59,34.67,90,92,9,,Current,41,20,0
14,14,14,15,9,9,55,,150 Days PD,,20,0
59,13,49,18.33,,9,46,,1,46,16,0
11,19,9,16.67,9,9,66,,120 Days PD,25,23.29,0
13,11,14,57,74,9,35,,30 Days PD,,20,1
14,16,14,18,84,9,28,,Current,,15.33,1
59,12,9,13,103,9,66,,1,46,17,0
59,19,59,20.33,78,81,71,76,Current,,20,0
13,19,14,53,9,9,38,,9,,30,0
14,19,14,13.67,109,9,9,,Current,,20,1
49,18,59,128.67,44,9,28,,1,48,30,0
14,14,14,67,9,9,78,,30 Days PD,,20,1
39,14,59,29.33,,9,10,10,Current,48,20,0
14,12,9,30,9,9,74,,1,8,17,0
14,15,14,16,9,9,35,,0,,30,0
14,12,14,,9,9,9,,Coll. or Charge-off,,20,1
14,11,14,12,59,9,20,,Current,,20,0
14,12,14,30,9,75,61,,Current,,30,1
59,14,59,43,21,9,69,,3,37,17.56,0
14,10,14,53,103,-88,29,,1,,30,1
13,17,11,38,9,9,40,,Current,25,20,1
59,14,59,55.33,20,9,61,,1,,20,0
14,19,14,9,109,64,44,,1,26,15,0
49,15,59,33.67,,9,11,,Charge-off,46,16.06,0
49,16,59,38,,9,68,,5,46,20,0
14,14,12,42,9,9,84,,Current,,20,0
14,10,14,30.67,34,20,92,,60 Days PD,26,20,0
59,13,59,16,9,9,9,,3,50,38,0
49,13,59,15.67,109,68,40,,9,37,15,0
14,16,14,31,106,88,95,,1,64,20,0
14,14,14,51.33,40,9,52,,Current,,30,0
14,10,14,60,107,9,45,,30 Days PD,,16,0
29,16,59,112.33,77,9,15,,Charge-off,,20,0
59,19,59,19.67,92,9,37,,1,41,30,0
14,11,14,41.67,9,9,22,,60 Days PD,8,30,0
13,14,14,78,9,49,35,,60 Days PD,,20,1
49,18,59,21.67,9,9,61,80,2,41,30,0
14,15,14,27,43,95,68,,1,,30,0
59,15,59,20,,9,67,,120 Days PD,37,20,0
13,10,14,149,87,78,13,,Current,,30,0
13,14,13,43.67,9,9,43,82,4,,30,0
59,13,59,102,9,9,96,,9,,30,0
59,13,59,93.67,89,17,93,,Current,,38,0
14,17,14,50.67,63,9,20,,0,,38,0
59,12,59,33.33,66,9,50,,1,,20,0
59,19,59,34,32,9,63,,1,,30,0
14,14,11,19,104,-89,9,,Current,26,30,0
59,12,19,25,,9,81,,2,28,15.03,0
13,17,14,60.67,9,9,33,,9,,20,1
14,10,14,73,75,12,28,,Current,,38,0
14,15,9,33.67,9,9,48,,2,64,16,0
14,19,14,62,17,43,62,,Current,26,20,0
13,19,14,14,74,9,54,,1,26,20,0
14,14,14,62,92,-89,99,,Coll. or Charge-off,,30,0
13,10,14,48,104,9,56,,30 Days PD,64,13.44,0
14,14,14,45,78,-90,80,,60 Days PD,,14,0
14,10,14,64.33,9,9,38,,2,,38,1
13,14,14,50.33,95,9,55,,3,,15,0
59,15,59,31.67,38,9,23,,2,,62.29,0
14,19,9,24.67,98,9,77,,3,8,14.27,0
29,11,29,45,9,9,9,52,1,29,14.19,0
59,19,59,13.33,80,9,62,44,1,,20,0
59,15,39,48.67,54,9,23,,1,37,25.14,0
14,10,14,73,9,-90,9,,Current,,20,0
14,15,14,13.67,37,9,9,,Current,,16,0
14,12,14,12,79,9,69,,0,,20,1
14,15,14,15,37,9,33,,Current,,20,0
14,15,13,,107,9,62,,0,,38,0
11,11,13,,9,9,75,,Charge-off,,15,0
11,15,10,39,9,9,15,,0,ZI,20,0
14,13,9,25.33,,9,53,,5,,30,0
59,13,59,34.33,,9,10,,Current,,15,0
14,19,14,19.33,9,9,24,,30 Days PD,,32.69,0
14,14,14,16.33,57,9,14,,1,64,20,1
14,15,14,55.67,38,9,32,,60 Days PD,88,38,0
14,10,14,,9,9,40,,Current,26,30,0
49,15,49,49.67,,9,82,,1,31,58.34,0
14,14,14,44,9,9,82,,30 Days PD,,20,0
59,19,59,12.67,94,69,29,,1,46,30,0
14,11,14,16,9,9,54,,Current,,30,0
14,16,14,58.67,73,16,88,,Current,,38,1
14,10,14,78.33,24,9,21,,Current,,30,0
14,10,14,56,60,12,12,,30 Days PD,16,20,0
14,13,14,22,87,9,39,,0,7,30,1
14,15,14,46,81,9,71,,1,26,20,0
14,15,12,14,109,9,10,80,0,,20,0
14,10,14,53.33,104,9,85,,Current,79,17,0
14,19,14,19.33,9,100,35,,Charge-off,26,30,0
59,13,59,39,52,31,40,,5,46,38,0
14,12,14,29,22,9,81,,1,,30,1
14,10,14,46.67,9,16,88,,30 Days PD,,30,0
59,10,49,109.33,9,49,39,,1,,17,0
11,14,14,15,82,9,27,,90 Days PD,,17,0
59,13,59,18.33,81,9,9,,Current,48,20,0
14,19,14,12,9,-90,41,,Coll. or Charge-off,A7,20,1
14,14,14,9,58,9,38,,Current,26,15,0
49,14,59,152.33,9,9,33,,1,41,15,0
13,14,14,41,9,9,102,,30 Days PD,,20,0
14,19,14,12,65,9,70,,30 Days PD,A5,31.88,0
14,11,14,33,94,39,27,76,30 Days PD,,30,0
14,15,14,47,109,9,34,,1,,20,1
59,12,59,18,9,9,94,,Current,41,38,0
14,10,14,12,9,9,102,82,9,10,20,0
59,14,59,54,104,9,89,,1,,30,0
19,14,59,61,76,9,81,,1,37,14.14,0
14,19,12,21,109,9,87,,1,,20,1
59,19,59,13.33,99,9,102,,9,36,27.88,0
13,14,14,29,9,9,86,,2,,30,0
14,14,14,33,86,9,44,,2,8,16,0
14,19,14,15,82,101,95,,60 Days PD,,30,0
59,13,59,35,59,39,31,,1,31,15,0
14,16,14,31,85,-89,42,,1,30,17,0
29,17,39,12.33,,9,53,80,2,46,20,0
14,12,14,,105,9,68,,Charge-off,,38,0
59,13,59,35.67,32,9,82,,1,31,20,0
59,10,59,81,71,9,70,,2,,30,0
14,12,14,11,77,-89,77,72,2,,20,0
59,19,59,13.67,71,28,43,,2,46,26.96,0
59,16,59,56.33,,9,9,,9,41,16,0
14,12,14,65,9,52,96,82,1,82,30,0
14,15,14,62,9,9,95,,Current,,30,1
14,13,14,25,61,9,57,,2,,30,0
14,17,9,26,9,9,35,,1,,14,0
59,19,59,12,,9,36,,1,37,14.62,0
59,14,59,65,69,9,16,,1,,19.44,0
14,19,14,12,9,9,54,,2,A5,30,0
11,13,14,38,26,11,83,25,0,,38,0
14,12,14,15,14,72,13,,Current,76,20,0
14,10,14,50,9,-89,19,,0,,20,0
14,17,12,14,9,9,70,51,0,25,30,0
13,19,14,24,96,97,80,,0,,30,1
14,14,14,20,92,9,70,,1,,30,1
14,14,14,27,9,9,40,,Current,,20,0
11,14,14,47.33,83,9,85,51,Current,,30,0
13,14,14,53,9,9,26,,30 Days PD,,38,0
59,18,59,48.33,9,9,9,,1,37,30,0
13,19,14,12,9,9,70,,1,,30,0
14,15,14,76.67,14,47,42,,0,,38,0
14,15,14,12,9,9,109,,Current,,20,1
59,15,59,13,,9,102,,1,39,16,0
59,17,59,,58,9,43,,9,,46.08,0
14,12,9,31,9,9,44,,2,25,14,0
14,19,14,26.33,9,9,94,,1,,20,0
59,19,59,14,50,9,13,,1,46,15.87,1
59,13,59,33,,9,20,,Current,46,20,0
14,14,14,45,9,9,49,72,2,27,16,1
59,16,59,21,90,9,9,,1,34,20,0
13,14,14,69,9,-89,10,,Current,11,15,0
14,13,14,30,64,33,13,,0,,38,0
59,15,59,18.33,,9,25,,1,,38,0
14,12,14,35,9,9,45,,9,,30,0
59,17,59,30.67,,19,56,,1,35,30,0
14,10,14,,9,9,33,,60 Days PD,26,30,0
14,16,14,61,12,9,25,,Coll. or Charge-off,,30,0
14,15,14,21.33,68,9,39,,Current,64,17,0
14,15,14,,102,9,33,,Coll. or Charge-off,,16,0
59,12,59,27.33,,9,31,,9,46,17,0
13,12,14,75.67,9,9,37,,3,,17,0
59,10,59,105.67,109,9,92,,2,,15,0
59,14,59,49.67,11,9,10,16,2,46,16,0
14,14,14,39.33,14,9,16,,Coll. or Charge-off,26,30,0
14,13,14,32,31,103,81,,0,,38,0
14,16,14,70,9,70,74,,0,,30,0
14,10,10,,9,9,75,,1,64,38,0
14,19,14,16,9,9,9,,30 Days PD,,30,0
59,16,49,97.67,94,52,11,,2,37,30,0
14,10,14,78,9,-90,43,,Current,,30,0
59,19,59,13.67,9,9,19,,3,47,20,0
14,14,11,11,9,9,42,,1,70,30,0
13,19,14,12,75,9,42,,30 Days PD,70,17.22,1
13,14,14,40,77,9,88,,30 Days PD,10,30,1
14,12,14,35,9,9,14,80,Current,,16.04,1
14,19,14,51.67,9,9,82,31,Current,,14,0
14,13,14,70.67,9,9,27,,1,,14,0
59,14,59,10,108,9,48,,1,46,37.33,0
13,13,14,97,80,9,28,,1,,20,0
14,19,14,,9,9,61,,2,64,38,0
59,19,39,18,9,9,71,,1,,30,0
14,19,14,15,9,9,37,,1,,16,0
14,16,14,,9,9,45,,Current,76,30,1
14,13,12,29,9,9,69,,30 Days PD,,20,1
14,15,14,40,9,-90,61,,Coll. or Charge-off,,20,1
14,16,14,15,35,9,23,,0,11,30,0
11,16,14,15,9,9,94,,1,14,30,0
14,12,14,23,80,9,71,,Current,,15,1
14,18,14,42,20,-89,24,,Current,64,30,0
13,19,14,18,9,9,9,64,Current,49,30,0
13,14,14,47.67,9,9,65,,5,A7,30,0
14,14,9,18,9,9,16,,2,10,17.29,0
14,13,9,37.67,9,9,50,26,2,10,14,0
59,14,59,15,55,9,39,,2,41,15.4,0
13,13,14,21,60,-89,58,,2,,15,0
12,18,14,73,9,9,43,38,Current,,20,0
13,13,14,24,16,9,65,PA,1,,17,0
49,14,59,21.67,109,109,15,,1,46,27.82,1
14,15,14,12,60,9,105,,1,,30,1
13,10,14,163.67,15,9,20,,1,,30,0
14,19,14,13.33,67,9,13,38,0,,30,0
59,16,59,16,101,9,9,,Current,34,20,0
59,16,29,11.33,,9,11,,1,37,14,0
14,11,14,20,109,9,83,,1,26,20,0
14,14,14,58,9,-89,39,,Coll. or Charge-off,69,30,0
13,15,14,140,9,9,75,,1,,16,0
14,14,9,,9,9,57,,1,10,20,0
59,19,59,17.33,72,34,105,,0,41,20,0
59,15,59,26.33,109,9,21,RS,1,41,20,0
14,12,14,26,77,-89,19,,2,,20,0
13,16,14,13,39,9,67,,Current,10,16,1
14,10,11,57,100,9,49,,1,16,17,0
14,13,14,41,80,-89,16,,1,,30,0
59,16,59,61,,9,81,,1,37,14,0
14,13,14,54.67,48,9,48,,30 Days PD,,17,0
14,13,14,97.33,86,19,53,,1,,38,0
13,19,11,11,9,102,39,,Current,,30,0
14,14,12,,9,9,9,,4,25,30,0
14,19,14,15,90,-89,40,,60 Days PD,8,20,0
14,10,14,52.33,9,9,95,,2,,30,1
14,17,13,,9,-90,76,,Current,8,15,0
14,19,9,34,9,9,84,,1,26,16,0
14,12,14,45,43,-89,89,,Current,,38,0
14,11,14,10,9,38,34,,4,64,30,0
49,19,59,26.33,9,24,17,,1,,20,0
13,13,14,103.67,62,9,69,,Current,,30,0
14,14,14,17.33,102,9,96,,1,27,20,1
14,12,14,25.67,92,9,48,,1,,30,0
14,15,13,14,107,-89,69,,90 Days PD,,20,1
13,13,14,69,50,81,92,,Current,64,30,0
13,10,14,109,28,9,44,PA,0,64,30,1
59,14,59,23.67,54,10,36,,1,,38,0
13,14,14,25.67,9,9,90,,1,,30,0
59,19,59,13.33,64,86,35,,1,31,14.21,0
14,10,14,127,70,-89,33,,Current,,30,0
49,17,49,21.67,,9,23,80,2,,16,0
14,10,14,50,91,-89,18,,30 Days PD,,15,1
14,16,14,35.67,77,76,45,,9,,38,0
14,14,14,25,9,63,80,,3,,30,1
59,11,59,21.67,103,9,46,,2,46,20,0
14,17,14,60,9,9,45,,0,,30,0
59,13,59,29.67,62,9,9,,5,,17,0
49,12,59,19.33,,9,45,,1,46,14,0
13,14,14,29,83,9,46,CZ,Current,,20,0
14,15,14,22,9,9,52,,1,8,20,1
13,12,14,,9,9,52,,60 Days PD,,30,0
13,16,14,42.33,97,9,94,,Current,,14.31,1
14,14,14,26,105,9,30,,Current,,30,1
13,19,14,,88,9,24,,Current,26,17,0
59,10,59,54.67,9,9,31,,Current,,30,0
59,14,59,44,109,9,9,,1,37,19.57,1
14,13,9,13,9,9,38,,9,27,30,0
59,17,39,9,50,9,30,,30 Days PD,,20,0
59,19,59,13.33,,9,66,,1,,14,0
49,16,59,27,9,9,36,,1,37,17,0
14,14,14,189,109,9,99,,30 Days PD,26,16,1
